"GasDay","D_plus_1_pct","D_plus_5_pct"
"2017-06-01","-0.1737","0.0359"
"2017-06-02","0.0292","0.028"
"2017-06-03","0.0734","-0.002"
"2017-06-04","-0.0125","-0.0105"
"2017-06-05","0.2575","0.0769"
"2017-06-06","0.1132","0.109"
"2017-06-07","0.0919","0.0842"
"2017-06-08","0.0997","0.0985"
"2017-06-09","0.054","0.0495"
"2017-06-10","0.084","0.0957"
"2017-06-11","-0.2695","0.072"
"2017-06-12","-0.2743","0.0816"
"2017-06-13","0.0321","0.058"
"2017-06-14","0.0681","0.0626"
"2017-06-15","0.0496","0.0447"
"2017-06-16","0.0614","0.0633"
"2017-06-17","0.0449","0.0401"
"2017-06-18","0.0261","0.0125"
"2017-06-19","-0.0046","-0.0213"
"2017-06-20","0.0087","0.0087"
"2017-06-21","-0.0034","0.0019"
"2017-06-22","0.0148","0.0068"
"2017-06-23","0.0562","0.0532"
"2017-06-24","0.0453","0.0416"
"2017-06-25","0.0229","0.0236"
"2017-06-26","0.0027","-0.0022"
"2017-06-27","0.0358","0.0339"
"2017-06-28","0.0581","0.0578"
"2017-06-29","0.0881","0.0892"
"2017-06-30","0.0718","0.0693"
"2017-07-01","0.0528","0.0395"
"2017-07-02","0.0427","0.0294"
"2017-07-03","0.0396","0.025"
"2017-07-04","0.091","0.072"
"2017-07-05","0.0688","0.0612"
"2017-07-06","0.0362","0.0305"
"2017-07-07","0.0351","0.0255"
"2017-07-08","0.0237","0.0101"
"2017-07-09","0.0346","0.0086"
"2017-07-10","0.0348","0.0201"
"2017-07-11","0.0429","0.0403"
"2017-07-12","0.0021","0.0029"
"2017-07-13","0.0114","0.0098"
"2017-07-14","0.0557","0.0161"
"2017-07-15","0.01","0.0484"
"2017-07-16","0.0906","0.0462"
"2017-07-17","-0.0133","0.0166"
"2017-07-18","0.0104","0.0153"
"2017-07-19","0.0488","0.047"
"2017-07-20","0.0302","0.0254"
"2017-07-21","0.0608","0.0564"
"2017-07-22","0.0361","0.0303"
"2017-07-23","0.0262","0.0223"
"2017-07-24","0.0693","0.0626"
"2017-07-25","0.0601","0.0542"
"2017-07-26","0.0728","0.0692"
"2017-07-27","0.0527","0.0523"
"2017-07-28","0.0544","0.0546"
"2017-07-29","0.0323","0.0317"
"2017-07-30","0.0197","0.0176"
"2017-07-31","0.0142","0.0136"
"2017-08-01","0.0299","0.0257"
"2017-08-02","0.0709","0.064"
"2017-08-03","0.0595","0.0664"
"2017-08-04","0.0512","0.0532"
"2017-08-05","0.0719","0.0204"
"2017-08-06","0.0279","0.0456"
"2017-08-07","-0.0081","-0.0091"
"2017-08-08","0.0199","0.0233"
"2017-08-09","0.0407","0.0412"
"2017-08-10","0.0014","-0.0001"
"2017-08-11","0.0489","0.0433"
"2017-08-12","0.0297","0.0251"
"2017-08-13","0.0147","0.0131"
"2017-08-14","0.0285","0.0278"
"2017-08-15","0.0037","0.0218"
"2017-08-16","0.0468","0.0439"
"2017-08-17","0.0481","0.045"
"2017-08-18","0.046","0.035"
"2017-08-19","0.0614","0.0342"
"2017-08-20","0.0451","0.0344"
"2017-08-21","0.0591","0.0535"
"2017-08-22","0.0819","0.0797"
"2017-08-23","0.0746","0.0724"
"2017-08-24","0.0593","0.0539"
"2017-08-25","0.0311","0.0295"
"2017-08-26","0.0372","0.0385"
"2017-08-27","0.0264","0.0293"
"2017-08-28","0.0679","0.0612"
"2017-08-29","0.0586","0.0528"
"2017-08-30","0.0228","0.0195"
"2017-08-31","-0.0729","-0.0125"
"2017-09-01","0.2113","-0.0053"
"2017-09-02","-0.0311","-0.0326"
"2017-09-03","-0.0285","0.0407"
"2017-09-04","0.0448","0.0431"
"2017-09-05","0.036","0.0557"
"2017-09-06","0.0969","0.0713"
"2017-09-07","0.0922","0.092"
"2017-09-08","0.0653","0.0661"
"2017-09-09","0.0443","0.0385"
"2017-09-10","0.1159","0.1137"
"2017-09-11","0.106","0.1057"
"2017-09-12","0.105","0.1007"
"2017-09-13","0.0589","0.0577"
"2017-09-14","0.0559","0.0553"
"2017-09-15","0.0587","0.0537"
"2017-09-16","0.0406","0.0372"
"2017-09-17","0.0409","0.0388"
"2017-09-18","0.0578","0.0548"
"2017-09-19","0.0004","0.0172"
"2017-09-20","0.1154","0.113"
"2017-09-21","0.0957","0.092"
"2017-09-22","0.1239","0.1226"
"2017-09-23","0.1236","0.1238"
"2017-09-24","0.1062","0.1226"
"2017-09-25","0.0966","0.0958"
"2017-09-26","0.0583","0.0607"
"2017-09-27","0.1097","0.1125"
"2017-09-28","0.0413","0.0442"
"2017-09-29","0.2547","0.0561"
"2017-09-30","0.0944","0.0977"
"2017-10-01","0.1476","0.146"
"2017-10-02","0.1053","0.106"
"2017-10-03","0.0814","0.0834"
"2017-10-04","0.1042","0.1231"
"2017-10-05","0.0339","0.0479"
"2017-10-06","0.0615","0.0542"
"2017-10-07","0.0929","0.0942"
"2017-10-08","0.0691","0.046"
"2017-10-09","0.064","0.0566"
"2017-10-10","0.0815","0.0876"
"2017-10-11","0.1168","0.1192"
"2017-10-12","0.098","0.1021"
"2017-10-13","0.1571","0.1316"
"2017-10-14","0.0736","0.0798"
"2017-10-15","0.0859","0.0919"
"2017-10-16","0.1192","0.1195"
"2017-10-17","0.0881","0.0717"
"2017-10-18","0.0636","0.0593"
"2017-10-19","0.0382","0.038"
"2017-10-20","-0.0056","0.0237"
"2017-10-21","0.044","0.0415"
"2017-10-22","0.0344","0.0341"
"2017-10-23","0.0661","0.0627"
"2017-10-24","0.0456","0.0445"
"2017-10-25","-0.0077","-0.0047"
"2017-10-26","0.0396","0.0393"
"2017-10-27","-0.0226","-0.0263"
"2017-10-28","0.0595","0.0657"
"2017-10-29","-0.0515","-0.0282"
"2017-10-30","0.052","0.0505"
"2017-10-31","0.0209","0.0222"
"2017-11-01","0.0044","0.001"
"2017-11-02","0.0107","0.0122"
"2017-11-03","0.0003","-0.0019"
"2017-11-04","-0.0454","-0.0474"
"2017-11-05","0.0103","0.0076"
"2017-11-06","0.0417","0.0419"
"2017-11-07","0.0112","0.0171"
"2017-11-08","0.036","0.0362"
"2017-11-09","0.0257","0.026"
"2017-11-10","0.0225","0.0214"
"2017-11-11","0.0155","0.0157"
"2017-11-12","0.0219","0.0221"
"2017-11-13","0.0778","0.0823"
"2017-11-14","0.0391","0.0323"
"2017-11-15","-0.0052","0.002"
"2017-11-16","-0.0135","-0.012"
"2017-11-17","0.0756","0.0751"
"2017-11-18","0.0529","0.0567"
"2017-11-19","0.0377","0.0379"
"2017-11-20","0.0293","0.0307"
"2017-11-21","0.0201","0.0202"
"2017-11-22","0.0602","0.0594"
"2017-11-23","0.0282","0.0281"
"2017-11-24","0.0699","0.0687"
"2017-11-25","0.0533","0.0533"
"2017-11-26","0.0437","0.0454"
"2017-11-27","0.0166","0.0188"
"2017-11-28","0.0492","0.0443"
"2017-11-29","0.0659","0.066"
"2017-11-30","0.0707","0.0707"
"2017-12-01","0.0586","0.064"
"2017-12-02","0.0372","0.0365"
"2017-12-03","0.0082","0.0068"
"2017-12-04","0.0486","0.0478"
"2017-12-05","0.0425","0.0432"
"2017-12-06","0.0505","0.0507"
"2017-12-07","0.0344","0.0338"
"2017-12-08","0.0967","0.096"
"2017-12-09","0.0915","0.0926"
"2017-12-10","0.037","0.0372"
"2017-12-11","0.0396","0.0402"
"2017-12-12","0.0502","0.0509"
"2017-12-13","-0.0006","-0.0001"
"2017-12-14","0.0324","0.0326"
"2017-12-15","0.0594","0.0573"
"2017-12-16","0.0875","0.088"
"2017-12-17","0.0691","0.0737"
"2017-12-18","0.0464","0.0619"
"2017-12-19","0.0552","0.0553"
"2017-12-20","0.0034","0.0055"
"2017-12-21","-0.0089","-0.0089"
"2017-12-22","0.0052","0.0052"
"2017-12-23","0.0208","0.021"
"2017-12-24","0.01","0.0254"
"2017-12-25","-0.0179","-0.0157"
"2017-12-26","0.0393","0.0396"
"2017-12-27","0.0849","0.0852"
"2017-12-28","0.0913","0.0914"
"2017-12-29","0.0723","0.0698"
"2017-12-30","0.0411","0.0456"
"2017-12-31","0.0267","0.0252"
"2018-01-01","0.0865","0.0868"
"2018-01-02","0.1033","0.0994"
"2018-01-03","0.1064","0.0975"
"2018-01-04","0.082","0.0818"
"2018-01-05","0.0795","0.0766"
"2018-01-06","0.0571","0.0574"
"2018-01-07","0.0439","0.044"
"2018-01-08","0.0719","0.0677"
"2018-01-09","0.0315","0.0341"
"2018-01-10","-0.0059","-0.0064"
"2018-01-11","0.0332","0.0334"
"2018-01-12","0.0055","0.0161"
"2018-01-13","0.0282","0.0269"
"2018-01-14","0.0258","0.0259"
"2018-01-15","0.0164","0.0164"
"2018-01-16","0.0197","0.0213"
"2018-01-17","0.0551","0.0553"
"2018-01-18","0.0296","0.0301"
"2018-01-19","0.0566","0.0538"
"2018-01-20","0.0696","0.0672"
"2018-01-21","0.0717","0.0719"
"2018-01-22","0.0072","0.0036"
"2018-01-23","0.0358","0.0355"
"2018-01-24","0.0364","0.0364"
"2018-01-25","0.0503","0.0508"
"2018-01-26","0.063","0.063"
"2018-01-27","0.0729","0.0711"
"2018-01-28","0.0367","0.0212"
"2018-01-29","0.0399","0.0399"
"2018-01-30","0.0584","0.0443"
"2018-01-31","0.0202","0.0206"
"2018-02-01","0.0517","0.0522"
"2018-02-02","0.0563","0.0547"
"2018-02-03","0.0519","0.0524"
"2018-02-04","0.0393","0.039"
"2018-02-05","0.06","0.0593"
"2018-02-06","0.0447","0.0444"
"2018-02-07","0.0364","0.0363"
"2018-02-08","0.0288","0.0288"
"2018-02-09","0.016","0.017"
"2018-02-10","0.0595","0.063"
"2018-02-11","0.0009","0.0018"
"2018-02-12","0.0419","0.0402"
"2018-02-13","0.0599","0.0591"
"2018-02-14","0.0777","0.0784"
"2018-02-15","-0.0007","-0.0004"
"2018-02-16","0.0477","0.0469"
"2018-02-17","0.028","0.031"
"2018-02-18","0.0381","0.038"
"2018-02-19","0.0397","0.04"
"2018-02-20","0.0324","0.0315"
"2018-02-21","0.0612","0.066"
"2018-02-22","0.0547","0.0547"
"2018-02-23","0.0614","0.0594"
"2018-02-24","0.0287","0.0269"
"2018-02-25","0.0109","0.0139"
"2018-02-26","0.0603","0.0584"
"2018-02-27","0.0534","0.0518"
"2018-02-28","0.03","0.0288"
"2018-03-01","0.0446","0.0449"
"2018-03-02","0.0547","0.0542"
"2018-03-03","0.0647","0.0643"
"2018-03-04","0.0495","0.0489"
"2018-03-05","0.0223","0.0241"
"2018-03-06","0.0382","0.04"
"2018-03-07","0.0254","0.0271"
"2018-03-08","0.0506","0.0493"
"2018-03-09","0.0679","0.0651"
"2018-03-10","0.0561","0.0519"
"2018-03-11","0.0463","0.0446"
"2018-03-12","0.104","0.0894"
"2018-03-13","0.0536","0.0538"
"2018-03-14","0.0767","0.0773"
"2018-03-15","0.0975","0.0974"
"2018-03-16","0.0795","0.0783"
"2018-03-17","0.1203","0.1188"
"2018-03-18","0.1363","0.1364"
"2018-03-19","0.0805","0.0785"
"2018-03-20","0.0773","0.0775"
"2018-03-21","0.0415","0.0414"
"2018-03-22","0.0329","0.0332"
"2018-03-23","0.0553","0.0528"
"2018-03-24","0.055","0.0526"
"2018-03-25","0.0144","0.0138"
"2018-03-26","0.0274","0.0279"
"2018-03-27","0.0823","0.083"
"2018-03-28","0.09","0.0905"
"2018-03-29","0.0936","0.0901"
"2018-03-30","0.1188","0.1203"
"2018-03-31","0.1328","0.131"
"2018-04-01","0.1051","0.1082"
"2018-04-02","0.1716","0.1736"
"2018-04-03","0.0799","0.0834"
"2018-04-04","0.1089","0.1098"
"2018-04-05","0.0471","0.0485"
"2018-04-06","0.0945","0.0907"
"2018-04-07","0.0916","0.0881"
"2018-04-08","0.0725","0.0747"
"2018-04-09","0.0819","0.0824"
"2018-04-10","0.1339","0.1343"
"2018-04-11","0.1194","0.1199"
"2018-04-12","0.1256","0.1285"
"2018-04-13","0.1436","0.1426"
"2018-04-14","0.0083","0.0065"
"2018-04-15","0.0752","0.0773"
"2018-04-16","0.0543","0.0576"
"2018-04-17","0.1634","0.1663"
"2018-04-18","0.1184","0.1239"
"2018-04-19","0.0582","0.068"
"2018-04-20","0.0032","0.0157"
"2018-04-21","0.0251","0.0358"
"2018-04-22","0.0354","0.0377"
"2018-04-23","0.0643","0.07"
"2018-04-24","0.1131","0.1145"
"2018-04-25","0.014","0.0154"
"2018-04-26","0.0277","0.027"
"2018-04-27","0.1009","0.0991"
"2018-04-28","0.0809","0.0795"
"2018-04-29","0.0884","0.0866"
"2018-04-30","0.1077","0.1083"
"2018-05-01","0.0148","0.0153"
"2018-05-02","0.1597","0.0447"
"2018-05-03","0.0223","0.043"
"2018-05-04","0.0039","0.0035"
"2018-05-05","0.0084","0.0113"
"2018-05-06","0.6988","0.0163"
"2018-05-07","0.094","0.0969"
"2018-05-08","0.017","0.0196"
"2018-05-09","0.019","0.02"
"2018-05-10","-0.0569","-0.0561"
"2018-05-11","0.0312","0.0273"
"2018-05-12","-0.0373","-0.0375"
"2018-05-13","-0.0671","-0.0673"
"2018-05-14","-0.0463","-0.0454"
"2018-05-15","-0.0187","-0.0167"
"2018-05-16","0.0021","0.0023"
"2018-05-17","-0.0663","-0.0651"
"2018-05-18","-0.0873","-0.0716"
"2018-05-19","-0.0441","-0.0461"
"2018-05-20","0.0154","0.0184"
"2018-05-21","0.0056","0.0091"
"2018-05-22","0.0138","0.0168"
"2018-05-23","0.013","0.0146"
"2018-05-24","0.0065","0.0088"
"2018-05-25","0.0558","0.0542"
"2018-05-26","0.0313","0.0294"
"2018-05-27","0.064","0.0607"
"2018-05-28","0.0899","0.0907"
"2018-05-29","0.0541","0.0542"
"2018-05-30","0.072","0.0747"
"2018-05-31","0.0468","0.0496"
"2018-06-01","0.0421","0.0408"
"2018-06-02","0.061","0.0605"
"2018-06-03","0.0662","0.081"
"2018-06-04","0.066","0.0669"
"2018-06-05","0.016","0.0171"
"2018-06-06","0.0208","0.0155"
"2018-06-07","0.0028","0.0009"
"2018-06-08","0.0014","0.0017"
"2018-06-09","-0.0113","-0.0169"
"2018-06-10","0.0036","0.0053"
"2018-06-11","0.0099","0.0116"
"2018-06-12","0.0011","0.0033"
"2018-06-13","0.0732","-0.0038"
"2018-06-14","-0.0126","0.0121"
"2018-06-15","-0.0005","-0.0089"
"2018-06-16","-0.0089","-0.01"
"2018-06-17","0.0148","0.0147"
"2018-06-18","-0.0039","-0.0048"
"2018-06-19","0.035","0.0359"
"2018-06-20","0.0282","0.0295"
"2018-06-21","-0.0121","-0.0057"
"2018-06-22","-0.0117","-0.0223"
"2018-06-23","-0.0265","-0.0271"
"2018-06-24","0.0097","0.0108"
"2018-06-25","-0.0019","-0.0012"
"2018-06-26","0.0064","0.0073"
"2018-06-27","0.0057","0.0071"
"2018-06-28","-0.0037","-0.0019"
"2018-06-29","0.0001","0.0038"
"2018-06-30","0.0055","0.0076"
"2018-07-01","-0.0195","-0.0173"
"2018-07-02","-0.0394","-0.0398"
"2018-07-03","-0.0267","-0.0185"
"2018-07-04","-0.0317","-0.0201"
"2018-07-05","-0.0228","-0.0209"
"2018-07-06","-0.0015","-0.0072"
"2018-07-07","-0.0628","-0.0627"
"2018-07-08","-0.069","-0.0655"
"2018-07-09","-0.0573","-0.0549"
"2018-07-10","-0.0259","-0.025"
"2018-07-11","-0.0286","-0.0303"
"2018-07-12","-0.0022","-0.0049"
"2018-07-13","0.0149","-0.0011"
"2018-07-14","-0.0281","-0.0385"
"2018-07-15","-0.0449","-0.0475"
"2018-07-16","-0.0426","-0.0394"
"2018-07-17","-0.0308","-0.0318"
"2018-07-18","-0.0245","-0.0261"
"2018-07-19","-0.0501","-0.0482"
"2018-07-20","-0.0148","-0.015"
"2018-07-21","0.0027","0.0"
"2018-07-22","-0.0061","-0.0037"
"2018-07-23","-0.0297","-0.0339"
"2018-07-24","-0.0282","-0.0253"
"2018-07-25","-0.0294","-0.03"
"2018-07-26","-0.0469","-0.0466"
"2018-07-27","-0.0892","-0.0751"
"2018-07-28","0.0046","0.0087"
"2018-07-29","0.0335","0.0342"
"2018-07-30","0.0029","0.0011"
"2018-07-31","0.0014","0.0015"
"2018-08-01","0.0035","0.0031"
"2018-08-02","0.0007","-0.0184"
"2018-08-03","-0.0271","-0.0406"
"2018-08-04","-0.0147","-0.0303"
"2018-08-05","-0.0369","-0.0315"
"2018-08-06","-0.1176","-0.1129"
"2018-08-07","-0.095","-0.0883"
"2018-08-08","-0.0831","-0.0861"
"2018-08-09","-0.0481","-0.0537"
"2018-08-10","-0.0523","-0.0588"
"2018-08-11","-0.0316","-0.0637"
"2018-08-12","-0.0354","-0.0372"
"2018-08-13","-0.0057","-0.0059"
"2018-08-14","-0.0136","-0.0135"
"2018-08-15","-0.0127","-0.0095"
"2018-08-16","-0.0136","-0.0124"
"2018-08-17","0.0244","0.0205"
"2018-08-18","0.0173","0.0102"
"2018-08-19","0.045","0.0439"
"2018-08-20","0.045","0.0453"
"2018-08-21","0.0232","0.0242"
"2018-08-22","0.0225","0.0236"
"2018-08-23","0.0477","0.049"
"2018-08-24","-0.0053","-0.0072"
"2018-08-25","-0.027","-0.0334"
"2018-08-26","0.0827","0.0809"
"2018-08-27","0.0787","0.08"
"2018-08-28","0.0336","0.0345"
"2018-08-29","-0.0069","-0.0066"
"2018-08-30","-0.0196","-0.025"
"2018-08-31","-0.0121","-0.0504"
"2018-09-01","-0.0165","-0.0223"
"2018-09-02","0.0008","0.0022"
"2018-09-03","0.0067","0.0088"
"2018-09-04","-0.0021","-0.001"
"2018-09-05","-0.0179","-0.0153"
"2018-09-06","-0.0343","-0.0346"
"2018-09-07","0.0225","0.0198"
"2018-09-08","0.0724","0.0696"
"2018-09-09","0.0332","0.0348"
"2018-09-10","0.0628","0.0651"
"2018-09-11","0.0508","0.052"
"2018-09-12","0.0085","0.009"
"2018-09-13","0.0272","0.0261"
"2018-09-14","0.0342","0.0322"
"2018-09-15","0.0349","0.0334"
"2018-09-16","0.0681","0.0463"
"2018-09-17","0.0533","0.0536"
"2018-09-18","0.0513","0.0537"
"2018-09-19","0.0754","0.0756"
"2018-09-20","0.1184","0.1189"
"2018-09-21","0.0569","0.0543"
"2018-09-22","0.068","0.0641"
"2018-09-23","-0.0209","-0.0234"
"2018-09-24","-0.032","-0.0338"
"2018-09-25","-0.0098","-0.0125"
"2018-09-26","0.0366","0.0368"
"2018-09-27","0.0192","0.0206"
"2018-09-28","-0.0071","-0.0171"
"2018-09-29","-0.0237","-0.0243"
"2018-09-30","0.0137","0.0127"
"2018-10-01","-0.0276","-0.0286"
"2018-10-02","0.0229","0.0205"
"2018-10-03","0.0976","0.0541"
"2018-10-04","0.0296","0.0291"
"2018-10-05","0.0262","0.0252"
"2018-10-06","-0.0125","-0.0137"
"2018-10-07","0.0078","0.0082"
"2018-10-08","0.0198","0.0201"
"2018-10-09","-0.0422","-0.0421"
"2018-10-10","0.014","0.014"
"2018-10-11","0.0467","0.0464"
"2018-10-12","0.1659","0.1643"
"2018-10-13","0.0843","0.0847"
"2018-10-14","0.0244","0.0241"
"2018-10-15","0.0379","0.0373"
"2018-10-16","-0.0019","-0.002"
"2018-10-17","-0.0381","-0.0385"
"2018-10-18","-0.0589","-0.0589"
"2018-10-19","-0.0453","-0.047"
"2018-10-20","-0.0788","-0.0805"
"2018-10-21","-0.0929","-0.093"
"2018-10-22","-0.057","-0.0567"
"2018-10-23","0.007","0.0078"
"2018-10-24","-0.068","-0.0674"
"2018-10-25","-0.0386","-0.0382"
"2018-10-26","-0.0633","-0.0663"
"2018-10-27","0.0027","-0.0006"
"2018-10-28","-0.038","-0.0314"
"2018-10-29","-0.0466","-0.0471"
"2018-10-30","-0.0235","-0.0255"
"2018-10-31","-0.0179","-0.0189"
"2018-11-01","-0.0612","-0.0609"
"2018-11-02","-0.0194","-0.0211"
"2018-11-03","-0.0118","-0.0055"
"2018-11-04","-0.0152","-0.0146"
"2018-11-05","-0.0163","-0.0206"
"2018-11-06","0.0052","0.0051"
"2018-11-07","-0.0032","-0.0019"
"2018-11-08","0.0325","0.0331"
"2018-11-09","0.0494","0.0485"
"2018-11-10","-0.0238","-0.0235"
"2018-11-11","-0.0151","-0.0146"
"2018-11-12","0.0063","0.0064"
"2018-11-13","0.0128","0.0122"
"2018-11-14","0.0077","0.0099"
"2018-11-15","0.0178","0.0179"
"2018-11-16","-0.0027","-0.0045"
"2018-11-17","-0.05","-0.051"
"2018-11-18","-0.0068","-0.0072"
"2018-11-19","0.0082","0.0082"
"2018-11-20","0.0187","0.0182"
"2018-11-21","0.0023","0.002"
"2018-11-22","0.0323","0.0317"
"2018-11-23","-0.0194","-0.0199"
"2018-11-24","-0.0467","-0.0475"
"2018-11-25","-0.0246","-0.0239"
"2018-11-26","-0.0122","-0.0125"
"2018-11-27","0.0043","0.0034"
"2018-11-28","0.0058","0.0065"
"2018-11-29","0.0002","0.0005"
"2018-11-30","0.0171","0.014"
"2018-12-01","0.0333","0.0313"
"2018-12-02","0.0004","0.0"
"2018-12-03","-0.0044","-0.0039"
"2018-12-04","0.0519","0.0521"
"2018-12-05","0.0361","0.0357"
"2018-12-06","-0.0197","-0.0112"
"2018-12-07","-0.0286","-0.0299"
"2018-12-08","0.02","0.0182"
"2018-12-09","0.0209","0.0207"
"2018-12-10","0.0354","0.0339"
"2018-12-11","-0.0026","-0.0031"
"2018-12-12","-0.0274","-0.028"
"2018-12-13","0.0041","0.0036"
"2018-12-14","-0.0027","-0.0021"
"2018-12-15","0.0042","-0.0002"
"2018-12-16","-0.0274","-0.0269"
"2018-12-17","-0.0278","-0.0265"
"2018-12-18","-0.0281","-0.0278"
"2018-12-19","-0.0236","-0.0227"
"2018-12-20","-0.012","-0.0115"
"2018-12-21","0.0611","0.016"
"2018-12-22","0.0048","0.0038"
"2018-12-23","0.0113","0.01"
"2018-12-24","-0.0255","0.0096"
"2018-12-25","0.0045","0.0066"
"2018-12-26","-0.0773","-0.0726"
"2018-12-27","-0.0338","-0.0326"
"2018-12-28","-0.0348","-0.036"
"2018-12-29","-0.0562","-0.0398"
"2018-12-30","-0.0206","-0.0196"
"2018-12-31","-0.0042","-0.0039"
"2019-01-01","-0.0111","-0.0107"
"2019-01-02","0.0461","0.0464"
"2019-01-03","0.0353","0.0354"
"2019-01-04","0.0055","0.0053"
"2019-01-05","-0.0243","-0.0251"
"2019-01-06","-0.062","-0.0616"
"2019-01-07","-0.0468","-0.0473"
"2019-01-08","-0.0222","-0.0229"
"2019-01-09","0.0139","0.0135"
"2019-01-10","0.0185","0.0168"
"2019-01-11","-0.0234","-0.0349"
"2019-01-12","-0.034","-0.0367"
"2019-01-13","-0.0273","-0.0288"
"2019-01-14","0.0158","0.0151"
"2019-01-15","0.0069","0.0069"
"2019-01-16","-0.0172","-0.0163"
"2019-01-17","0.0114","0.0114"
"2019-01-18","0.0096","0.0079"
"2019-01-19","0.0144","-0.0019"
"2019-01-20","-0.0151","-0.0153"
"2019-01-21","-0.0265","-0.0271"
"2019-01-22","-0.0317","-0.0326"
"2019-01-23","-0.0008","-0.0019"
"2019-01-24","0.0069","0.0057"
"2019-01-25","-0.0472","-0.0482"
"2019-01-26","-0.0621","-0.062"
"2019-01-27","-0.0157","-0.0169"
"2019-01-28","0.0168","0.0149"
"2019-01-29","0.0095","0.0079"
"2019-01-30","-0.0037","-0.0041"
"2019-01-31","-0.0196","-0.0201"
"2019-02-01","-0.0249","-0.026"
"2019-02-02","-0.0241","-0.0315"
"2019-02-03","-0.0186","-0.0195"
"2019-02-04","-0.0342","-0.0342"
"2019-02-05","0.0165","0.0171"
"2019-02-06","-0.0296","-0.0293"
"2019-02-07","-0.0161","-0.0164"
"2019-02-08","0.0249","0.0246"
"2019-02-09","0.0317","0.0316"
"2019-02-10","0.0102","0.011"
"2019-02-11","0.0246","0.0251"
"2019-02-12","0.0248","0.0231"
"2019-02-13","-0.0377","-0.0336"
"2019-02-14","-0.0179","-0.018"
"2019-02-15","-0.0316","-0.0322"
"2019-02-16","-0.0311","-0.0314"
"2019-02-17","-0.0416","-0.0402"
"2019-02-18","-0.0025","-0.0011"
"2019-02-19","-0.0015","-0.0015"
"2019-02-20","-0.0034","-0.0033"
"2019-02-21","-0.0566","-0.0571"
"2019-02-22","-0.0489","-0.0502"
"2019-02-23","-0.0735","-0.0756"
"2019-02-24","-0.0721","-0.0731"
"2019-02-25","-0.0568","-0.0572"
"2019-02-26","-0.0811","-0.082"
"2019-02-27","-0.0886","-0.0909"
"2019-02-28","-0.0017","-0.0017"
"2019-03-01","-0.0071","-0.0083"
"2019-03-02","-0.0223","-0.0229"
"2019-03-03","0.0324","0.0329"
"2019-03-04","-0.0014","-0.0014"
"2019-03-05","0.0032","0.0033"
"2019-03-06","0.0082","0.0084"
"2019-03-07","0.0322","0.0322"
"2019-03-08","0.055","0.0448"
"2019-03-09","0.0029","-0.0027"
"2019-03-10","-0.0187","-0.0189"
"2019-03-11","0.0069","0.0067"
"2019-03-12","0.0223","0.022"
"2019-03-13","0.039","0.039"
"2019-03-14","0.0148","0.0307"
"2019-03-15","0.0483","0.0469"
"2019-03-16","0.0815","0.0733"
"2019-03-17","0.0127","0.0129"
"2019-03-18","0.0473","0.0472"
"2019-03-19","0.0123","0.0127"
"2019-03-20","-0.0268","-0.0263"
"2019-03-21","0.0007","0.0008"
"2019-03-22","0.0362","0.0351"
"2019-03-23","0.0494","0.019"
"2019-03-24","-0.022","-0.0281"
"2019-03-25","-0.0469","-0.046"
"2019-03-26","-0.0195","-0.0192"
"2019-03-27","-0.0134","-0.0032"
"2019-03-28","-0.0787","-0.0708"
"2019-03-29","-0.0879","-0.087"
"2019-03-30","-0.1088","-0.111"
"2019-03-31","-0.0648","-0.065"
"2019-04-01","-0.021","-0.0208"
"2019-04-02","-0.0048","-0.0042"
"2019-04-03","0.0075","0.0076"
"2019-04-04","0.0049","0.0055"
"2019-04-05","0.0126","0.0096"
"2019-04-06","0.0055","-0.002"
"2019-04-07","0.027","0.0262"
"2019-04-08","0.0093","0.0125"
"2019-04-09","0.0112","0.0132"
"2019-04-10","-0.0123","-0.0115"
"2019-04-11","-0.0398","-0.0395"
"2019-04-12","-0.0052","-0.0061"
"2019-04-13","-0.046","-0.0486"
"2019-04-14","0.0094","0.0098"
"2019-04-15","-0.051","-0.0106"
"2019-04-16","0.0205","0.0205"
"2019-04-17","-0.0223","-0.0217"
"2019-04-18","0.0228","0.021"
"2019-04-19","0.0561","0.056"
"2019-04-20","0.0491","0.049"
"2019-04-21","0.0361","0.0383"
"2019-04-22","0.0752","0.0802"
"2019-04-23","0.0558","0.0694"
"2019-04-24","0.0527","0.0538"
"2019-04-25","0.0111","0.0106"
"2019-04-26","-0.3106","0.018"
"2019-04-27","0.889","0.0627"
"2019-04-28","0.0615","0.0582"
"2019-04-29","-0.0314","-0.0343"
"2019-04-30","-0.0316","-0.034"
"2019-05-01","-0.0091","-0.0293"
"2019-05-02","-0.0204","-0.0219"
"2019-05-03","0.0516","0.0455"
"2019-05-04","-0.0178","-0.0214"
"2019-05-05","-0.0118","-0.0154"
"2019-05-06","0.0155","0.0149"
"2019-05-07","-0.0132","-0.0135"
"2019-05-08","0.068","0.0669"
"2019-05-09","0.0858","0.0867"
"2019-05-10","0.0037","0.0017"
"2019-05-11","-0.05","-0.0507"
"2019-05-12","-0.0933","-0.0919"
"2019-05-13","-0.0957","-0.0985"
"2019-05-14","-0.0632","-0.0605"
"2019-05-15","-0.0502","-0.048"
"2019-05-16","-0.0524","-0.0477"
"2019-05-17","0.0528","0.0548"
"2019-05-18","0.0711","0.0522"
"2019-05-19","0.0514","0.0507"
"2019-05-20","0.0279","0.0271"
"2019-05-21","-0.005","-0.006"
"2019-05-22","-0.0158","-0.0161"
"2019-05-23","-0.0193","-0.0193"
"2019-05-24","-0.0156","-0.0178"
"2019-05-25","0.0149","0.0173"
"2019-05-26","0.0613","0.0415"
"2019-05-27","0.0716","0.0734"
"2019-05-28","0.0109","0.0125"
"2019-05-29","0.0669","0.0677"
"2019-05-30","0.0818","0.0839"
"2019-05-31","0.0614","0.0548"
"2019-06-01","0.0918","0.0767"
"2019-06-02","0.0712","0.0733"
"2019-06-03","0.0378","0.038"
"2019-06-04","0.0684","0.0674"
"2019-06-05","0.0341","0.0336"
"2019-06-06","-0.0371","-0.038"
"2019-06-07","0.0609","0.0562"
"2019-06-08","0.079","0.0777"
"2019-06-09","-0.0014","-0.0027"
"2019-06-10","-0.0044","-0.0045"
"2019-06-11","0.0826","0.0828"
"2019-06-12","0.1104","0.1122"
"2019-06-13","0.0818","0.0821"
"2019-06-14","0.0487","0.0468"
"2019-06-15","0.0148","0.0147"
"2019-06-16","0.0607","0.0617"
"2019-06-17","0.0328","0.0318"
"2019-06-18","0.0196","0.0205"
"2019-06-19","0.0056","0.0169"
"2019-06-20","-0.0165","-0.0157"
"2019-06-21","-0.0439","-0.0467"
"2019-06-22","-0.0451","-0.0481"
"2019-06-23","0.0344","0.0368"
"2019-06-24","0.084","0.0873"
"2019-06-25","0.0759","0.0777"
"2019-06-26","0.0666","0.0669"
"2019-06-27","0.015","0.0152"
"2019-06-28","0.0089","0.0045"
"2019-06-29","0.0662","0.0216"
"2019-06-30","0.0141","0.0104"
"2019-07-01","0.0156","0.0136"
"2019-07-02","-0.0232","-0.0213"
"2019-07-03","-0.0332","-0.0306"
"2019-07-04","-0.0147","-0.012"
"2019-07-05","-0.0057","-0.0117"
"2019-07-06","-0.0258","-0.0316"
"2019-07-07","-0.0351","-0.0355"
"2019-07-08","-0.0282","-0.0304"
"2019-07-09","-0.013","-0.0136"
"2019-07-10","-0.0159","-0.0163"
"2019-07-11","-0.0072","-0.0078"
"2019-07-12","0.009","0.0037"
"2019-07-13","0.0005","-0.0068"
"2019-07-14","-0.0109","-0.0085"
"2019-07-15","-0.0317","-0.0291"
"2019-07-16","-0.0051","-0.0049"
"2019-07-17","-0.0258","-0.0254"
"2019-07-18","-0.0251","-0.025"
"2019-07-19","0.0362","0.0355"
"2019-07-20","0.0404","0.0384"
"2019-07-21","0.0204","0.063"
"2019-07-22","0.0206","0.0226"
"2019-07-23","-0.0171","-0.0165"
"2019-07-24","-0.0073","-0.0073"
"2019-07-25","-0.0708","-0.0733"
"2019-07-26","-0.0606","-0.0704"
"2019-07-27","0.0096","-0.0032"
"2019-07-28","0.0309","0.0321"
"2019-07-29","-0.0062","-0.0094"
"2019-07-30","0.0151","0.0152"
"2019-07-31","0.0242","0.025"
"2019-08-01","0.0177","0.0098"
"2019-08-02","0.0133","-0.0011"
"2019-08-03","0.0072","-0.005"
"2019-08-04","0.0088","0.0046"
"2019-08-05","-0.0565","-0.0518"
"2019-08-06","-0.0363","-0.0369"
"2019-08-07","-0.0269","-0.0282"
"2019-08-08","-0.023","-0.0258"
"2019-08-09","-0.0002","-0.0091"
"2019-08-10","0.0308","0.018"
"2019-08-11","0.011","0.01"
"2019-08-12","-0.053","-0.0557"
"2019-08-13","-0.0591","-0.0606"
"2019-08-14","-0.0163","-0.0068"
"2019-08-15","-0.0627","-0.0502"
"2019-08-16","0.0409","0.0301"
"2019-08-17","-0.0327","-0.0385"
"2019-08-18","0.0135","0.0122"
"2019-08-19","-0.001","0.0032"
"2019-08-20","0.0041","0.0019"
"2019-08-21","0.0121","0.0102"
"2019-08-22","0.0293","0.0291"
"2019-08-23","0.0006","-0.0007"
"2019-08-24","0.0148","0.015"
"2019-08-25","-0.0365","-0.038"
"2019-08-26","-0.0015","-0.0047"
"2019-08-27","0.0032","-0.0038"
"2019-08-28","-0.0407","-0.0493"
"2019-08-29","-0.0262","-0.0266"
"2019-08-30","0.0144","0.0006"
"2019-08-31","-0.027","-0.0441"
"2019-09-01","-0.0438","-0.0502"
"2019-09-02","-0.0042","-0.0108"
"2019-09-03","-0.0273","-0.004"
"2019-09-04","0.0005","0.0033"
"2019-09-05","-0.0086","-0.0097"
"2019-09-06","0.0138","0.0151"
"2019-09-07","-0.0331","-0.0327"
"2019-09-08","-0.0456","-0.042"
"2019-09-09","0.008","0.009"
"2019-09-10","-0.0092","-0.0088"
"2019-09-11","-0.0108","0.0203"
"2019-09-12","0.0355","0.0353"
"2019-09-13","-0.0213","-0.0304"
"2019-09-14","-0.0001","-0.0112"
"2019-09-15","0.0271","0.021"
"2019-09-16","-0.0291","-0.0281"
"2019-09-17","-0.0505","-0.0494"
"2019-09-18","-0.0158","-0.0276"
"2019-09-19","-0.0664","-0.0759"
"2019-09-20","-0.0714","-0.0752"
"2019-09-21","-0.0072","-0.0172"
"2019-09-22","0.0308","0.029"
"2019-09-23","0.0009","0.003"
"2019-09-24","0.0426","0.0439"
"2019-09-25","0.0311","0.0345"
"2019-09-26","0.0014","0.0183"
"2019-09-27","0.062","0.0598"
"2019-09-28","0.0755","0.0709"
"2019-09-29","0.1032","0.1059"
"2019-09-30","0.0686","0.0728"
"2019-10-01","0.0453","0.05"
"2019-10-02","-0.0201","-0.0066"
"2019-10-03","0.0732","0.0741"
"2019-10-04","0.0559","0.0539"
"2019-10-05","0.049","0.0478"
"2019-10-06","0.0468","0.0507"
"2019-10-07","0.1112","0.1116"
"2019-10-08","0.0501","0.0548"
"2019-10-09","0.0504","0.052"
"2019-10-10","0.1222","0.122"
"2019-10-11","0.1066","0.0903"
"2019-10-12","0.0577","0.0454"
"2019-10-13","0.0696","0.0646"
"2019-10-14","0.0926","0.0806"
"2019-10-15","0.0362","0.0322"
"2019-10-16","0.0081","0.0085"
"2019-10-17","0.0359","0.0365"
"2019-10-18","0.0263","0.0157"
"2019-10-19","0.0014","-0.0047"
"2019-10-20","0.0259","0.0244"
"2019-10-21","0.025","0.0255"
"2019-10-22","0.0132","0.0129"
"2019-10-23","0.021","0.023"
"2019-10-24","-0.0002","-0.0027"
"2019-10-25","0.1044","0.1034"
"2019-10-26","0.059","0.0565"
"2019-10-27","0.0344","0.0321"
"2019-10-28","0.0434","0.0422"
"2019-10-29","0.0349","0.0345"
"2019-10-30","0.0146","0.0142"
"2019-10-31","0.005","0.0244"
"2019-11-01","0.0461","0.0446"
"2019-11-02","0.008","0.0065"
"2019-11-03","0.0184","0.0187"
"2019-11-04","0.0091","0.0062"
"2019-11-05","0.0305","0.0286"
"2019-11-06","0.0481","0.0466"
"2019-11-07","0.0178","0.0185"
"2019-11-08","0.0344","0.0321"
"2019-11-09","0.0411","0.037"
"2019-11-10","-0.0064","-0.0067"
"2019-11-11","-0.0094","-0.015"
"2019-11-12","0.0446","0.0423"
"2019-11-13","0.0244","0.0176"
"2019-11-14","0.0416","0.037"
"2019-11-15","0.0429","0.0434"
"2019-11-16","0.0318","0.0321"
"2019-11-17","0.0193","0.0188"
"2019-11-18","0.0167","0.0165"
"2019-11-19","0.0637","0.0652"
"2019-11-20","0.0081","0.0101"
"2019-11-21","0.0321","0.0362"
"2019-11-22","0.0225","0.0223"
"2019-11-23","0.0222","0.0237"
"2019-11-24","0.0061","0.0102"
"2019-11-25","0.018","0.0257"
"2019-11-26","0.0227","0.0237"
"2019-11-27","0.009","0.0168"
"2019-11-28","0.0353","0.0345"
"2019-11-29","0.0661","0.0654"
"2019-11-30","0.0597","0.0612"
"2019-12-01","0.0409","0.0389"
"2019-12-02","0.0546","0.054"
"2019-12-03","0.0087","0.0075"
"2019-12-04","0.0258","0.0246"
"2019-12-05","0.046","0.046"
"2019-12-06","-0.0048","-0.0022"
"2019-12-07","0.0219","0.022"
"2019-12-08","0.024","0.0252"
"2019-12-09","0.0644","0.0659"
"2019-12-10","0.0947","0.0956"
"2019-12-11","0.0607","0.0612"
"2019-12-12","0.0696","0.0692"
"2019-12-13","0.0235","0.0213"
"2019-12-14","0.0435","0.0405"
"2019-12-15","0.04","0.0407"
"2019-12-16","0.0514","0.0487"
"2019-12-17","0.0396","0.0386"
"2019-12-18","0.0375","0.0371"
"2019-12-19","0.0024","0.0027"
"2019-12-20","0.0311","0.0283"
"2019-12-21","0.0464","0.046"
"2019-12-22","0.0202","0.0226"
"2019-12-23","0.0373","0.0387"
"2019-12-24","0.0292","0.0297"
"2019-12-25","0.0244","0.0262"
"2019-12-26","0.0292","0.0328"
"2019-12-27","0.0244","0.028"
"2019-12-28","0.0102","0.0111"
"2019-12-29","0.0122","0.0142"
"2019-12-30","0.0376","0.0414"
"2019-12-31","0.0522","0.0529"
"2020-01-01","0.0358","0.034"
"2020-01-02","0.0139","0.0146"
"2020-01-03","-0.0017","-0.0034"
"2020-01-04","0.0288","0.0283"
"2020-01-05","0.0143","0.0143"
"2020-01-06","0.0338","0.0336"
"2020-01-07","0.0621","0.0605"
"2020-01-08","0.0113","0.0104"
"2020-01-09","0.022","0.0199"
"2020-01-10","0.0479","0.047"
"2020-01-11","0.048","0.0461"
"2020-01-12","0.009","0.01"
"2020-01-13","0.0584","0.0573"
"2020-01-14","0.0819","0.0787"
"2020-01-15","0.0416","0.0396"
"2020-01-16","0.0812","0.0816"
"2020-01-17","0.0328","0.0299"
"2020-01-18","0.0607","0.0575"
"2020-01-19","0.0611","0.0611"
"2020-01-20","0.0279","0.0274"
"2020-01-21","0.0258","0.0249"
"2020-01-22","0.0186","0.0183"
"2020-01-23","-0.0065","-0.0108"
"2020-01-24","0.007","0.001"
"2020-01-25","0.0115","0.0076"
"2020-01-26","0.0113","0.0098"
"2020-01-27","0.0165","0.0128"
"2020-01-28","0.0124","0.0104"
"2020-01-29","0.0406","0.039"
"2020-01-30","0.0335","0.0321"
"2020-01-31","0.0365","0.0341"
"2020-02-01","0.0179","0.0124"
"2020-02-02","0.0623","0.0622"
"2020-02-03","0.0352","0.0355"
"2020-02-04","0.1005","0.1009"
"2020-02-05","0.0546","0.0545"
"2020-02-06","0.0182","0.0173"
"2020-02-07","0.0106","0.0129"
"2020-02-08","-0.0259","-0.0308"
"2020-02-09","0.0526","0.0518"
"2020-02-10","0.0568","0.0563"
"2020-02-11","0.0591","0.0591"
"2020-02-12","0.0465","0.0464"
"2020-02-13","0.039","0.0387"
"2020-02-14","0.0645","0.0624"
"2020-02-15","0.0583","0.0755"
"2020-02-16","0.0486","0.0487"
"2020-02-17","0.0685","0.0698"
"2020-02-18","0.0717","0.0725"
"2020-02-19","0.0958","0.0967"
"2020-02-20","0.0396","0.0405"
"2020-02-21","0.1103","0.1077"
"2020-02-22","0.0829","0.0805"
"2020-02-23","0.0697","0.0722"
"2020-02-24","0.1081","0.1067"
"2020-02-25","0.0598","0.0593"
"2020-02-26","0.0584","0.058"
"2020-02-27","0.0385","0.0376"
"2020-02-28","0.0922","0.0931"
"2020-02-29","-0.0241","-0.0255"
"2020-03-01","0.0177","0.0156"
"2020-03-02","0.0036","0.0024"
"2020-03-03","0.0385","0.0379"
"2020-03-04","0.0461","0.0473"
"2020-03-05","0.0391","0.0356"
"2020-03-06","0.0105","0.0106"
"2020-03-07","0.0371","0.0373"
"2020-03-08","-0.0134","-0.0111"
"2020-03-09","0.0666","0.0679"
"2020-03-10","0.076","0.0841"
"2020-03-11","0.0565","0.0553"
"2020-03-12","0.0616","0.0587"
"2020-03-13","0.0669","0.0627"
"2020-03-14","0.0636","0.0636"
"2020-03-15","0.0532","0.059"
"2020-03-16","0.0126","0.013"
"2020-03-17","0.0579","0.0574"
"2020-03-18","0.0688","0.069"
"2020-03-19","0.064","0.0634"
"2020-03-20","0.0317","0.0384"
"2020-03-21","0.0284","0.0246"
"2020-03-22","-0.0125","-0.0126"
"2020-03-23","-0.0116","-0.0112"
"2020-03-24","-0.0463","-0.0458"
"2020-03-25","-0.094","-0.092"
"2020-03-26","-0.0656","-0.0653"
"2020-03-27","-0.0408","-0.0433"
"2020-03-28","0.0126","0.0104"
"2020-03-29","0.0391","0.0404"
"2020-03-30","0.0386","0.0375"
"2020-03-31","-0.0132","-0.0118"
"2020-04-01","0.0166","0.0174"
"2020-04-02","-0.0348","-0.0341"
"2020-04-03","-0.0181","-0.0186"
"2020-04-04","-0.0511","-0.0512"
"2020-04-05","-0.0122","-0.0087"
"2020-04-06","-0.0985","-0.0977"
"2020-04-07","-0.0755","-0.0732"
"2020-04-08","-0.0735","-0.0707"
"2020-04-09","-0.0456","-0.0447"
"2020-04-10","0.0114","0.0099"
"2020-04-11","-0.0162","-0.0201"
"2020-04-12","0.0189","0.0187"
"2020-04-13","-0.054","-0.0531"
"2020-04-14","-0.1097","-0.1095"
"2020-04-15","-0.1821","-0.1784"
"2020-04-16","-0.1538","-0.1546"
"2020-04-17","-0.0336","-0.111"
"2020-04-18","0.0099","0.0053"
"2020-04-19","-0.1471","-0.1483"
"2020-04-20","-0.1428","-0.1426"
"2020-04-21","-0.1132","-0.1135"
"2020-04-22","-0.0677","-0.0688"
"2020-04-23","-0.0552","-0.0557"
"2020-04-24","-0.0808","-0.0887"
"2020-04-25","-0.1004","-0.1065"
"2020-04-26","-0.1025","-0.1027"
"2020-04-27","-0.1375","-0.1388"
"2020-04-28","-0.0137","-0.0142"
"2020-04-29","-0.0259","-0.0258"
"2020-04-30","-0.0754","-0.0764"
"2020-05-01","-0.0826","-0.0891"
"2020-05-02","-0.0994","-0.1055"
"2020-05-03","-0.0071","-0.011"
"2020-05-04","-0.0627","-0.0642"
"2020-05-05","-0.0562","-0.058"
"2020-05-06","-0.1081","-0.1097"
"2020-05-07","-0.0373","-0.0597"
"2020-05-08","-0.0081","-0.0093"
"2020-05-09","0.0141","0.0103"
"2020-05-10","0.0181","0.0193"
"2020-05-11","-0.0148","-0.0168"
"2020-05-12","-0.0548","-0.0589"
"2020-05-13","-0.1092","-0.1115"
"2020-05-14","-0.1588","-0.1596"
"2020-05-15","-0.1628","-0.1711"
"2020-05-16","-0.0964","-0.1018"
"2020-05-17","-0.0487","-0.0481"
"2020-05-18","-0.0084","-0.0071"
"2020-05-19","-0.0143","-0.0079"
"2020-05-20","-0.0281","-0.0212"
"2020-05-21","-0.0286","-0.0284"
"2020-05-22","0.0283","-0.0192"
"2020-05-23","0.0293","0.0241"
"2020-05-24","0.0486","0.0513"
"2020-05-25","0.0173","0.0188"
"2020-05-26","-0.0006","0.0"
"2020-05-27","0.0044","0.0196"
"2020-05-28","-0.0006","-0.0011"
"2020-05-29","0.0016","-0.0021"
"2020-05-30","0.0113","0.0117"
"2020-05-31","0.0365","0.0427"
"2020-06-01","0.0316","0.0284"
"2020-06-02","0.0259","0.0275"
"2020-06-03","-0.0762","-0.018"
"2020-06-04","-0.0062","-0.0045"
"2020-06-05","-0.0802","-0.1083"
"2020-06-06","-0.0436","-0.0396"
"2020-06-07","0.0067","-0.0175"
"2020-06-08","-0.03","-0.0281"
"2020-06-09","-0.0241","-0.023"
"2020-06-10","0.0223","0.0228"
"2020-06-11","0.0799","0.0801"
"2020-06-12","0.1268","0.1044"
"2020-06-13","0.1041","0.0562"
"2020-06-14","0.03","0.0278"
"2020-06-15","-0.0164","-0.0168"
"2020-06-16","0.002","0.0054"
"2020-06-17","-0.0146","-0.0144"
"2020-06-18","0.0247","0.0244"
"2020-06-19","0.0336","0.0297"
"2020-06-20","-0.0009","-0.0059"
"2020-06-21","-0.017","-0.0183"
"2020-06-22","-0.023","-0.0138"
"2020-06-23","0.0299","0.0237"
"2020-06-24","-0.026","-0.0295"
"2020-06-25","-0.0794","-0.0836"
"2020-06-26","-0.0561","-0.0566"
"2020-06-27","-0.0138","-0.0148"
"2020-06-28","0.0121","0.0116"
"2020-06-29","0.0377","0.0558"
"2020-06-30","0.0138","0.033"
"2020-07-01","-0.012","-0.0165"
"2020-07-02","0.0024","0.007"
"2020-07-03","0.0549","0.0443"
"2020-07-04","0.0758","0.0566"
"2020-07-05","-0.0001","0.0177"
"2020-07-06","0.0209","0.0151"
"2020-07-07","0.012","0.0199"
"2020-07-08","0.039","0.0412"
"2020-07-09","0.0606","0.0399"
"2020-07-10","0.0124","-0.0068"
"2020-07-11","-0.0262","-0.0344"
"2020-07-12","-0.0154","-0.0359"
"2020-07-13","0.0047","0.0051"
"2020-07-14","0.0037","0.017"
"2020-07-15","0.0621","0.0434"
"2020-07-16","0.0628","0.0419"
"2020-07-17","0.024","0.0149"
"2020-07-18","0.0617","0.0279"
"2020-07-19","0.0211","0.004"
"2020-07-20","-0.0307","-0.0291"
"2020-07-21","0.0045","-0.0212"
"2020-07-22","0.0292","0.0098"
"2020-07-23","-0.0013","0.0158"
"2020-07-24","0.0402","0.0639"
"2020-07-25","0.0839","0.0949"
"2020-07-26","0.0204","0.0632"
"2020-07-27","0.0819","0.0774"
"2020-07-28","0.0621","0.0751"
"2020-07-29","0.0294","0.0685"
"2020-07-30","0.1021","0.0977"
"2020-07-31","0.0258","0.0171"
"2020-08-01","0.0495","0.0386"
"2020-08-02","0.0465","0.0497"
"2020-08-03","0.0238","0.0413"
"2020-08-04","0.0962","0.0994"
"2020-08-05","0.0846","0.0864"
"2020-08-06","0.0754","0.072"
"2020-08-07","0.0164","0.0046"
"2020-08-08","0.0195","0.0086"
"2020-08-09","0.04","0.0367"
"2020-08-10","-0.0291","-0.0281"
"2020-08-11","-0.0472","-0.0436"
"2020-08-12","-0.0794","-0.0796"
"2020-08-13","-0.0397","-0.0336"
"2020-08-14","0.0153","0.0089"
"2020-08-15","0.0189","0.0297"
"2020-08-16","0.054","0.055"
"2020-08-17","0.0384","0.0382"
"2020-08-18","0.016","0.0148"
"2020-08-19","0.0585","0.0546"
"2020-08-20","0.0273","0.0246"
"2020-08-21","0.0595","0.054"
"2020-08-22","0.052","0.0455"
"2020-08-23","0.0617","0.0632"
"2020-08-24","0.0284","0.0317"
"2020-08-25","0.1043","0.0975"
"2020-08-26","0.0878","0.0991"
"2020-08-27","0.0983","0.1008"
"2020-08-28","0.0875","0.0883"
"2020-08-29","0.124","0.1147"
"2020-08-30","0.0673","0.0582"
"2020-08-31","0.0556","0.0524"
"2020-09-01","0.0566","0.0575"
"2020-09-02","0.0843","0.0873"
"2020-09-03","0.0499","0.0504"
"2020-09-04","0.2474","0.0838"
"2020-09-05","0.0813","0.0716"
"2020-09-06","0.0708","0.0598"
"2020-09-07","0.1069","0.1005"
"2020-09-08","0.0833","0.0767"
"2020-09-09","0.0428","0.0385"
"2020-09-10","0.0956","0.092"
"2020-09-11","0.1093","0.0985"
"2020-09-12","0.0398","0.0369"
"2020-09-13","0.0455","0.0418"
"2020-09-14","0.0578","0.0572"
"2020-09-15","0.0996","0.1007"
"2020-09-16","0.0683","0.0733"
"2020-09-17","0.0306","0.0342"
"2020-09-18","0.0071","0.0148"
"2020-09-19","0.0353","0.0304"
"2020-09-20","0.0192","0.0191"
"2020-09-21","-0.0166","-0.0165"
"2020-09-22","0.0192","0.0207"
"2020-09-23","0.0217","0.0216"
"2020-09-24","0.0114","0.0096"
"2020-09-25","0.057","0.0513"
"2020-09-26","0.0635","0.0568"
"2020-09-27","0.0145","0.016"
"2020-09-28","0.0309","0.0288"
"2020-09-29","-0.0366","-0.0382"
"2020-09-30","0.0904","0.0898"
"2020-10-01","-0.0084","-0.0115"
"2020-10-02","0.0767","0.0682"
"2020-10-03","0.032","0.0253"
"2020-10-04","0.035","0.033"
"2020-10-05","0.0673","0.0637"
"2020-10-06","0.0631","0.0583"
"2020-10-07","0.0701","0.0704"
"2020-10-08","0.0581","0.0587"
"2020-10-09","0.0587","0.0651"
"2020-10-10","0.0882","0.0886"
"2020-10-11","0.0344","0.0349"
"2020-10-12","0.0522","0.0539"
"2020-10-13","0.065","0.0624"
"2020-10-14","0.0554","0.0556"
"2020-10-15","0.056","0.0569"
"2020-10-16","0.0886","0.0768"
"2020-10-17","0.0354","0.0223"
"2020-10-18","0.0381","0.0357"
"2020-10-19","0.0437","0.0426"
"2020-10-20","0.0552","0.0508"
"2020-10-21","0.0362","0.0305"
"2020-10-22","0.048","0.0437"
"2020-10-23","0.05","0.0517"
"2020-10-24","0.0935","0.089"
"2020-10-25","0.0452","0.0471"
"2020-10-26","0.0477","0.0471"
"2020-10-27","0.0343","0.0557"
"2020-10-28","0.06","0.0621"
"2020-10-29","0.0921","0.0923"
"2020-10-30","0.0313","0.0298"
"2020-10-31","0.0419","0.0434"
"2020-11-01","0.1013","0.1004"
"2020-11-02","0.0628","0.0595"
"2020-11-03","0.0891","0.0853"
"2020-11-04","0.0763","0.0777"
"2020-11-05","0.039","0.0359"
"2020-11-06","0.0155","0.0091"
"2020-11-07","-0.0035","-0.0087"
"2020-11-08","-0.0289","-0.0291"
"2020-11-09","-0.0237","-0.023"
"2020-11-10","-0.0351","-0.037"
"2020-11-11","0.0282","0.0281"
"2020-11-12","0.0249","0.0256"
"2020-11-13","0.0181","0.0134"
"2020-11-14","0.0063","0.0024"
"2020-11-15","-0.0229","-0.0243"
"2020-11-16","0.064","0.064"
"2020-11-17","0.0178","0.0149"
"2020-11-18","-0.0017","-0.0028"
"2020-11-19","0.062","0.0621"
"2020-11-20","0.0814","0.0793"
"2020-11-21","-0.0097","-0.0125"
"2020-11-22","-0.0057","-0.0061"
"2020-11-23","0.0511","0.0506"
"2020-11-24","-0.0025","-0.0059"
"2020-11-25","-0.0131","-0.0137"
"2020-11-26","0.0412","0.0407"
"2020-11-27","0.0338","0.0309"
"2020-11-28","-0.0133","-0.0134"
"2020-11-29","-0.042","-0.0425"
"2020-11-30","-0.024","-0.0244"
"2020-12-01","0.0444","0.0409"
"2020-12-02","0.019","0.015"
"2020-12-03","-0.004","-0.0039"
"2020-12-04","-0.0016","0.0012"
"2020-12-05","0.0038","0.0003"
"2020-12-06","0.0029","0.0024"
"2020-12-07","0.0085","0.0071"
"2020-12-08","0.0113","0.0089"
"2020-12-09","-0.0076","-0.0063"
"2020-12-10","-0.008","-0.0063"
"2020-12-11","-0.0067","-0.0069"
"2020-12-12","-0.0387","-0.0392"
"2020-12-13","0.0129","0.0134"
"2020-12-14","0.0104","0.0093"
"2020-12-15","0.0352","0.0331"
"2020-12-16","0.0242","0.0248"
"2020-12-17","0.0453","0.0457"
"2020-12-18","-0.0066","-0.0076"
"2020-12-19","-0.0047","-0.0071"
"2020-12-20","0.0265","0.0277"
"2020-12-21","0.0788","0.08"
"2020-12-22","0.0473","0.0464"
"2020-12-23","0.0098","0.0105"
"2020-12-24","0.0844","0.0852"
"2020-12-25","0.0901","0.0874"
"2020-12-26","-0.0052","0.0007"
"2020-12-27","-0.0116","-0.0154"
"2020-12-28","0.0559","0.0554"
"2020-12-29","0.0369","0.0351"
"2020-12-30","0.052","0.0524"
"2020-12-31","0.0704","0.0651"
"2021-01-01","0.0256","0.0165"
"2021-01-02","0.0367","0.027"
"2021-01-03","0.0333","0.03"
"2021-01-04","0.0577","0.0552"
"2021-01-05","0.0706","0.0672"
"2021-01-06","0.0739","0.0705"
"2021-01-07","0.0635","0.0643"
"2021-01-08","0.0733","0.0652"
"2021-01-09","0.017","0.0104"
"2021-01-10","-0.0017","-0.0014"
"2021-01-11","0.019","0.0094"
"2021-01-12","0.0099","0.0183"
"2021-01-13","0.0669","0.0657"
"2021-01-14","0.0349","0.0354"
"2021-01-15","0.0607","0.0571"
"2021-01-16","0.0259","0.0217"
"2021-01-17","0.0134","0.0144"
"2021-01-18","0.0499","0.0497"
"2021-01-19","0.0129","0.0114"
"2021-01-20","-0.0089","-0.0093"
"2021-01-21","0.0541","0.0653"
"2021-01-22","0.0652","0.0622"
"2021-01-23","0.0389","0.0347"
"2021-01-24","0.0305","0.0292"
"2021-01-25","0.029","0.0287"
"2021-01-26","0.0442","0.0423"
"2021-01-27","-0.0062","-0.0063"
"2021-01-28","0.0017","0.0016"
"2021-01-29","0.0065","0.0055"
"2021-01-30","0.0234","0.0199"
"2021-01-31","0.0518","0.0518"
"2021-02-01","0.0406","0.039"
"2021-02-02","0.0361","0.034"
"2021-02-03","0.0153","0.015"
"2021-02-04","0.0405","0.04"
"2021-02-05","0.0022","-0.002"
"2021-02-06","0.0138","0.0087"
"2021-02-07","0.0418","0.0414"
"2021-02-08","0.0667","0.0646"
"2021-02-09","0.0477","0.0465"
"2021-02-10","0.0587","0.0581"
"2021-02-11","0.0214","0.0209"
"2021-02-12","0.0189","0.014"
"2021-02-13","0.0352","0.03"
"2021-02-14","0.031","0.0308"
"2021-02-15","0.0081","0.0096"
"2021-02-16","-0.0089","-0.0074"
"2021-02-17","0.0283","0.0291"
"2021-02-18","0.0244","0.0247"
"2021-02-19","0.0843","0.0832"
"2021-02-20","0.0383","0.0296"
"2021-02-21","0.0009","-0.0039"
"2021-02-22","0.0086","0.0038"
"2021-02-23","0.0615","0.063"
"2021-02-24","0.0215","0.0259"
"2021-02-25","0.0067","0.0102"
"2021-02-26","0.0252","0.0227"
"2021-02-27","-0.006","-0.0086"
"2021-02-28","-0.0348","-0.0308"
"2021-03-01","0.0182","0.0222"
"2021-03-02","0.0381","0.0381"
"2021-03-03","0.0569","0.0562"
"2021-03-04","0.0346","0.0343"
"2021-03-05","0.0656","0.0606"
"2021-03-06","0.0397","0.0372"
"2021-03-07","0.0197","0.0194"
"2021-03-08","0.0285","0.0287"
"2021-03-09","-0.0162","-0.0178"
"2021-03-10","0.0504","0.0506"
"2021-03-11","0.0088","0.0093"
"2021-03-12","0.0481","0.0453"
"2021-03-13","0.0261","0.0239"
"2021-03-14","0.0533","0.0526"
"2021-03-15","0.0436","0.0431"
"2021-03-16","0.0375","0.0342"
"2021-03-17","0.0725","0.0718"
"2021-03-18","0.074","0.0741"
"2021-03-19","0.0591","0.0535"
"2021-03-20","0.0348","0.0288"
"2021-03-21","0.0166","0.0163"
"2021-03-22","0.0221","0.0225"
"2021-03-23","0.0391","0.0364"
"2021-03-24","0.0055","0.005"
"2021-03-25","0.0042","0.0047"
"2021-03-26","0.0155","0.016"
"2021-03-27","0.0427","0.0358"
"2021-03-28","0.0486","0.0508"
"2021-03-29","0.0017","0.0038"
"2021-03-30","-0.0042","-0.006"
"2021-03-31","0.0185","0.0217"
"2021-04-01","0.0587","0.0561"
"2021-04-02","0.0801","0.0745"
"2021-04-03","0.0559","0.0485"
"2021-04-04","-0.0229","-0.0243"
"2021-04-05","0.0136","0.0133"
"2021-04-06","0.0632","0.0611"
"2021-04-07","0.0972","0.0944"
"2021-04-08","0.0362","0.0363"
"2021-04-09","0.0387","0.0244"
"2021-04-10","0.0435","0.0324"
"2021-04-11","0.0204","0.0147"
"2021-04-12","0.0489","0.0444"
"2021-04-13","0.0279","0.0253"
"2021-04-14","-0.0037","-0.0044"
"2021-04-15","0.0101","0.0103"
"2021-04-16","0.0072","-0.0002"
"2021-04-17","-0.0452","-0.0495"
"2021-04-18","-0.0389","-0.0342"
"2021-04-19","-0.0416","-0.0363"
"2021-04-20","-0.0049","-0.0073"
"2021-04-21","0.0096","0.01"
"2021-04-22","-0.0064","-0.0046"
"2021-04-23","-0.0261","-0.0101"
"2021-04-24","-0.0143","-0.0254"
"2021-04-25","-0.0237","-0.0251"
"2021-04-26","0.0103","0.0115"
"2021-04-27","0.0395","0.0327"
"2021-04-28","0.048","0.0469"
"2021-04-29","0.0668","0.0662"
"2021-04-30","0.0464","0.0376"
"2021-05-01","0.0683","0.0594"
"2021-05-02","0.0696","0.0598"
"2021-05-03","0.1363","0.1361"
"2021-05-04","0.1367","0.1338"
"2021-05-05","0.0944","0.094"
"2021-05-06","0.0984","0.0978"
"2021-05-07","0.0695","0.0619"
"2021-05-08","0.1661","0.1629"
"2021-05-09","0.1079","0.1083"
"2021-05-10","0.0436","0.0443"
"2021-05-11","0.0606","0.0577"
"2021-05-12","0.0472","0.0486"
"2021-05-13","0.0672","0.0688"
"2021-05-14","0.1067","0.1022"
"2021-05-15","0.0885","0.0799"
"2021-05-16","0.0194","0.0189"
"2021-05-17","0.0461","0.0462"
"2021-05-18","0.0181","0.0137"
"2021-05-19","0.0145","0.0137"
"2021-05-20","0.1033","0.1033"
"2021-05-21","0.1535","0.1447"
"2021-05-22","0.081","0.0713"
"2021-05-23","0.0702","0.0703"
"2021-05-24","0.028","0.0279"
"2021-05-25","0.0865","0.0836"
"2021-05-26","0.0853","0.0878"
"2021-05-27","0.0602","0.0601"
"2021-05-28","0.1027","0.0771"
"2021-05-29","0.0441","0.0306"
"2021-05-30","0.0914","0.0768"
"2021-05-31","0.0852","0.0882"
"2021-06-01","0.0818","0.0764"
"2021-06-02","0.1014","0.1022"
"2021-06-03","0.0551","0.0579"
"2021-06-04","0.0402","0.02"
"2021-06-05","0.0235","0.0034"
"2021-06-06","-0.0117","-0.0114"
"2021-06-07","-0.0199","-0.0211"
"2021-06-08","0.0185","0.0083"
"2021-06-09","0.0324","0.0322"
"2021-06-10","0.0286","0.0274"
"2021-06-11","0.0442","0.0363"
"2021-06-12","0.0395","0.0303"
"2021-06-13","0.0304","0.0296"
"2021-06-14","0.0151","0.0125"
"2021-06-15","0.0441","0.034"
"2021-06-16","0.0239","0.0333"
"2021-06-17","0.0194","0.0213"
"2021-06-18","-0.0244","-0.0401"
"2021-06-19","-0.0176","-0.0247"
"2021-06-20","0.0055","0.0053"
"2021-06-21","0.0378","0.0375"
"2021-06-22","0.0365","0.0252"
"2021-06-23","0.023","0.0236"
"2021-06-24","-0.0149","-0.0157"
"2021-06-25","0.0391","0.0308"
"2021-06-26","0.0462","0.0313"
"2021-06-27","0.0186","0.0198"
"2021-06-28","0.0737","0.0688"
"2021-06-29","0.0338","0.0257"
"2021-06-30","0.0442","0.0449"
"2021-07-01","-0.0004","0.0004"
"2021-07-02","0.0249","0.0118"
"2021-07-03","-0.0091","-0.0169"
"2021-07-04","-0.0206","-0.0222"
"2021-07-05","-0.0221","-0.0234"
"2021-07-06","0.0115","0.0018"
"2021-07-07","-0.0029","-0.005"
"2021-07-08","0.0104","0.011"
"2021-07-09","0.0337","0.0243"
"2021-07-10","0.0321","0.024"
"2021-07-11","0.0111","0.0108"
"2021-07-12","-0.0103","-0.0099"
"2021-07-13","0.0641","0.014"
"2021-07-14","-0.0145","0.0217"
"2021-07-15","0.0136","0.0168"
"2021-07-16","0.0215","0.0183"
"2021-07-17","-0.0253","-0.0306"
"2021-07-18","-0.0456","-0.0448"
"2021-07-19","-0.0523","-0.05"
"2021-07-20","-0.0304","-0.0396"
"2021-07-21","-0.0464","-0.0411"
"2021-07-22","-0.0553","-0.0502"
"2021-07-23","0.0084","0.0079"
"2021-07-24","0.027","0.0204"
"2021-07-25","0.0452","0.0456"
"2021-07-26","0.0218","0.0201"
"2021-07-27","0.0529","0.0419"
"2021-07-28","0.0137","0.0105"
"2021-07-29","0.0354","0.0344"
"2021-07-30","0.0286","0.0199"
"2021-07-31","0.0221","0.0128"
"2021-08-01","0.0209","0.0118"
"2021-08-02","0.0112","0.0031"
"2021-08-03","-0.0008","-0.0013"
"2021-08-04","0.0141","0.0203"
"2021-08-05","0.0065","0.0077"
"2021-08-06","0.04","0.0215"
"2021-08-07","0.046","0.0314"
"2021-08-08","0.0306","0.03"
"2021-08-09","-0.0233","-0.0252"
"2021-08-10","-0.0123","-0.0112"
"2021-08-11","0.0051","0.0049"
"2021-08-12","-0.0339","-0.0195"
"2021-08-13","0.0113","0.001"
"2021-08-14","0.0054","0.0001"
"2021-08-15","-0.0126","-0.0141"
"2021-08-16","-0.0067","-0.0074"
"2021-08-17","0.0236","0.0086"
"2021-08-18","0.0096","0.0094"
"2021-08-19","0.0242","0.0226"
"2021-08-20","0.0133","0.0233"
"2021-08-21","0.0293","0.0232"
"2021-08-22","0.0588","0.0591"
"2021-08-23","0.0556","0.0564"
"2021-08-24","0.0607","0.0533"
"2021-08-25","0.0438","0.0446"
"2021-08-26","0.0447","0.0443"
"2021-08-27","0.0277","0.0169"
"2021-08-28","-0.0032","-0.0121"
"2021-08-29","0.0267","0.0114"
"2021-08-30","0.0827","0.0812"
"2021-08-31","0.1159","0.1087"
"2021-09-01","0.0732","0.0718"
"2021-09-02","0.0717","0.0709"
"2021-09-03","0.0583","0.0713"
"2021-09-04","0.0489","0.0393"
"2021-09-05","0.0488","0.0471"
"2021-09-06","0.035","0.0339"
"2021-09-07","0.0231","0.0164"
"2021-09-08","0.0198","0.0202"
"2021-09-09","0.0627","0.0603"
"2021-09-10","0.0422","0.0333"
"2021-09-11","-0.0059","-0.0179"
"2021-09-12","-0.0038","-0.0042"
"2021-09-13","-0.0072","-0.0077"
"2021-09-14","0.0585","0.0506"
"2021-09-15","0.0156","0.0145"
"2021-09-16","-0.0406","-0.0395"
"2021-09-17","0.009","-0.0392"
"2021-09-18","-0.0125","-0.0243"
"2021-09-19","-0.0562","-0.0549"
"2021-09-20","-0.0411","-0.0361"
"2021-09-21","-0.0295","-0.0309"
"2021-09-22","-0.0293","-0.0269"
"2021-09-23","-0.0301","-0.0272"
"2021-09-24","-0.0347","-0.0295"
"2021-09-25","-0.0184","-0.0302"
"2021-09-26","-0.0405","-0.0371"
"2021-09-27","-0.1054","-0.1051"
"2021-09-28","-0.0026","-0.002"
"2021-09-29","-0.0659","-0.0669"
"2021-09-30","0.053","0.0525"
"2021-10-01","-0.0372","-0.0447"
"2021-10-02","0.0415","0.0359"
"2021-10-03","-0.0145","-0.0159"
"2021-10-04","-0.0227","-0.0224"
"2021-10-05","-0.001","-0.0006"
"2021-10-06","0.05","0.0488"
"2021-10-07","0.0316","0.0298"
"2021-10-08","-0.006","-0.0219"
"2021-10-09","-0.0001","-0.0035"
"2021-10-10","-0.016","-0.0154"
"2021-10-11","-0.0074","-0.0066"
"2021-10-12","0.0143","0.0134"
"2021-10-13","0.011","0.0105"
"2021-10-14","-0.0011","-0.001"
"2021-10-15","-0.0211","-0.0259"
"2021-10-16","-0.0095","-0.0137"
"2021-10-17","-0.0306","-0.0299"
"2021-10-18","0.0189","0.0186"
"2021-10-19","0.015","0.017"
"2021-10-20","-0.001","-0.0001"
"2021-10-21","0.0159","0.016"
"2021-10-22","0.0446","0.0446"
"2021-10-23","-0.0046","-0.0052"
"2021-10-24","-0.0342","-0.0345"
"2021-10-25","-0.0536","-0.0541"
"2021-10-26","0.0111","0.0103"
"2021-10-27","-0.0125","-0.0113"
"2021-10-28","0.0033","0.0045"
"2021-10-29","-0.0305","-0.0317"
"2021-10-30","-0.0019","-0.0071"
"2021-10-31","0.0178","0.0174"
"2021-11-01","0.0074","0.0073"
"2021-11-02","0.0195","0.0194"
"2021-11-03","0.0205","0.0199"
"2021-11-04","0.0072","0.0065"
"2021-11-05","0.0288","0.0249"
"2021-11-06","-0.0265","-0.0303"
"2021-11-07","-0.0172","-0.0181"
"2021-11-08","0.0438","0.0439"
"2021-11-09","-0.0432","-0.0419"
"2021-11-10","-0.0146","-0.0139"
"2021-11-11","-0.0516","-0.0508"
"2021-11-12","-0.0081","-0.0058"
"2021-11-13","-0.0113","-0.0166"
"2021-11-14","-0.0328","-0.0321"
"2021-11-15","-0.0129","-0.0133"
"2021-11-16","-0.0366","-0.0366"
"2021-11-17","-0.0259","-0.0252"
"2021-11-18","-0.0075","-0.0093"
"2021-11-19","-0.0389","-0.0448"
"2021-11-20","-0.0588","-0.0647"
"2021-11-21","-0.0093","-0.01"
"2021-11-22","0.0343","0.0342"
"2021-11-23","0.0242","0.0239"
"2021-11-24","-0.0103","-0.0112"
"2021-11-25","-0.0037","-0.0039"
"2021-11-26","-0.016","-0.0194"
"2021-11-27","0.0168","0.0199"
"2021-11-28","0.0425","0.0422"
"2021-11-29","0.0326","0.0326"
"2021-11-30","-0.0296","-0.0293"
"2021-12-01","-0.0017","-0.0017"
"2021-12-02","0.0573","0.0574"
"2021-12-03","0.0402","0.0363"
"2021-12-04","-0.0272","-0.0302"
"2021-12-05","0.0206","0.0213"
"2021-12-06","0.0299","0.0301"
"2021-12-07","0.0191","0.0189"
"2021-12-08","0.0293","0.0293"
"2021-12-09","0.0371","0.0374"
"2021-12-10","0.0214","0.0271"
"2021-12-11","0.0346","0.0303"
"2021-12-12","-0.0377","-0.0355"
"2021-12-13","-0.0026","0.0003"
"2021-12-14","0.0153","0.016"
"2021-12-15","0.0148","0.0153"
"2021-12-16","0.0173","0.0175"
"2021-12-17","0.0322","0.0288"
"2021-12-18","0.0054","0.0013"
"2021-12-19","-0.0136","-0.0141"
"2021-12-20","0.0218","0.0214"
"2021-12-21","0.0336","0.0328"
"2021-12-22","0.0521","0.052"
"2021-12-23","-0.0277","-0.0264"
"2021-12-24","-0.0491","-0.0501"
"2021-12-25","-0.0784","-0.0769"
"2021-12-26","-0.0315","-0.0296"
"2021-12-27","-0.0195","-0.0206"
"2021-12-28","-0.017","-0.0155"
"2021-12-29","0.0129","0.0156"
"2021-12-30","-0.0283","-0.0261"
"2021-12-31","-0.0079","-0.0136"
"2022-01-01","-0.0361","-0.0396"
"2022-01-02","0.006","0.0053"
"2022-01-03","0.0738","0.074"
"2022-01-04","0.0655","0.0631"
"2022-01-05","0.0892","0.088"
"2022-01-06","0.0705","0.0698"
"2022-01-07","0.0431","0.0371"
"2022-01-08","-0.0163","-0.0227"
"2022-01-09","0.0075","0.0071"
"2022-01-10","0.0228","0.023"
"2022-01-11","-0.0076","-0.0075"
"2022-01-12","0.0327","0.0326"
"2022-01-13","0.0178","0.018"
"2022-01-14","0.0136","0.0114"
"2022-01-15","0.0041","0.0015"
"2022-01-16","-0.0317","-0.0314"
"2022-01-17","0.0145","0.014"
"2022-01-18","0.0357","0.0348"
"2022-01-19","-0.0088","-0.0094"
"2022-01-20","0.034","0.0335"
"2022-01-21","0.0253","0.0244"
"2022-01-22","-0.0062","-0.0074"
"2022-01-23","-0.0284","-0.0281"
"2022-01-24","0.0133","0.0131"
"2022-01-25","0.0211","0.0201"
"2022-01-26","-0.0109","-0.0112"
"2022-01-27","-0.0148","-0.0142"
"2022-01-28","0.0334","0.0313"
"2022-01-29","-0.0387","-0.0413"
"2022-01-30","0.001","0.001"
"2022-01-31","0.0275","0.0284"
"2022-02-01","-0.006","-0.0035"
"2022-02-02","-0.0173","-0.0174"
"2022-02-03","-0.0233","-0.0233"
"2022-02-04","-0.0149","-0.0158"
"2022-02-05","0.0174","0.0143"
"2022-02-06","-0.0105","-0.0103"
"2022-02-07","0.0506","0.0506"
"2022-02-08","-0.0136","-0.0135"
"2022-02-09","-0.0116","-0.0118"
"2022-02-10","-0.0031","-0.0039"
"2022-02-11","0.0152","0.0131"
"2022-02-12","-0.0183","-0.0202"
"2022-02-13","-0.0402","-0.0389"
"2022-02-14","-0.0264","-0.0254"
"2022-02-15","0.0163","0.0165"
"2022-02-16","0.0084","0.0091"
"2022-02-17","0.0196","0.0196"
"2022-02-18","0.0044","0.0045"
"2022-02-19","0.0482","0.0519"
"2022-02-20","-0.005","-0.004"
"2022-02-21","0.0605","0.0604"
"2022-02-22","0.017","0.0176"
"2022-02-23","0.0236","0.0237"
"2022-02-24","-0.0059","-0.0051"
"2022-02-25","0.0017","0.0035"
"2022-02-26","-0.0513","-0.0504"
"2022-02-27","-0.0623","-0.0623"
"2022-02-28","0.0063","0.0071"
"2022-03-01","-0.0112","-0.0103"
"2022-03-02","0.0027","0.0027"
"2022-03-03","-0.0001","-0.0006"
"2022-03-04","-0.0273","-0.0209"
"2022-03-05","-0.0108","-0.0111"
"2022-03-06","-0.0133","-0.0101"
"2022-03-07","-0.0238","-0.0236"
"2022-03-08","-0.0138","-0.0138"
"2022-03-09","-0.0397","-0.04"
"2022-03-10","-0.0545","-0.053"
"2022-03-11","-0.0516","-0.0294"
"2022-03-12","-0.0694","-0.0677"
"2022-03-13","-0.0231","-0.0219"
"2022-03-14","-0.044","-0.0428"
"2022-03-15","-0.0291","-0.0286"
"2022-03-16","-0.0213","-0.0213"
"2022-03-17","-0.0241","-0.0263"
"2022-03-18","-0.0815","-0.0829"
"2022-03-19","-0.0966","-0.0999"
"2022-03-20","-0.0662","-0.064"
"2022-03-21","-0.0167","-0.0158"
"2022-03-22","-0.079","-0.0963"
"2022-03-23","-0.1196","-0.0978"
"2022-03-24","-0.0855","-0.0844"
"2022-03-25","-0.0982","-0.1123"
"2022-03-26","-0.1455","-0.1527"
"2022-03-27","-0.1309","-0.1303"
"2022-03-28","-0.0927","-0.0909"
"2022-03-29","-0.0557","-0.0562"
"2022-03-30","-0.03","-0.0307"
"2022-03-31","0.0005","-0.0001"
"2022-04-01","-0.0203","-0.0241"
"2022-04-02","-0.0723","-0.0763"
"2022-04-03","-0.0826","-0.0835"
"2022-04-04","-0.03","-0.0312"
"2022-04-05","-0.0524","-0.0517"
"2022-04-06","-0.0336","-0.0324"
"2022-04-07","-0.0133","-0.0124"
"2022-04-08","-0.0454","-0.0195"
"2022-04-09","-0.0747","-0.0739"
"2022-04-10","-0.1052","-0.1047"
"2022-04-11","-0.0593","-0.059"
"2022-04-12","-0.0417","-0.0406"
"2022-04-13","-0.0243","-0.0242"
"2022-04-14","0.1263","-0.035"
"2022-04-15","-0.0282","-0.0241"
"2022-04-16","-0.0417","-0.0443"
"2022-04-17","-0.0582","-0.0556"
"2022-04-18","-0.0948","-0.0941"
"2022-04-19","-0.08","-0.0795"
"2022-04-20","-0.0984","-0.0979"
"2022-04-21","-0.0952","-0.0961"
"2022-04-22","-0.0924","-0.0983"
"2022-04-23","-0.0948","-0.0967"
"2022-04-24","-0.0881","-0.09"
"2022-04-25","-0.0653","-0.0667"
"2022-04-26","-0.0943","-0.0945"
"2022-04-27","-0.0658","-0.0656"
"2022-04-28","-0.0404","-0.0409"
"2022-04-29","-0.0402","-0.1115"
"2022-04-30","-0.1031","-0.1021"
"2022-05-01","-0.0663","-0.0716"
"2022-05-02","0.012","0.0132"
"2022-05-03","0.0267","0.0266"
"2022-05-04","0.0107","0.0095"
"2022-05-05","0.0337","0.035"
"2022-05-06","0.0038","0.0045"
"2022-05-07","0.0218","0.0239"
"2022-05-08","-0.0031","-0.0005"
"2022-05-09","-0.0291","-0.0287"
"2022-05-10","-0.065","-0.0653"
"2022-05-11","-0.0724","-0.0724"
"2022-05-12","-0.0687","-0.0702"
"2022-05-13","-0.0112","-0.0369"
"2022-05-14","-0.0615","-0.0693"
"2022-05-15","-0.0626","-0.0627"
"2022-05-16","-0.0307","-0.0319"
"2022-05-17","-0.0491","-0.0479"
"2022-05-18","-0.081","-0.0809"
"2022-05-19","-0.0953","-0.0928"
"2022-05-20","-0.1018","-0.1104"
"2022-05-21","-0.1012","-0.1009"
"2022-05-22","-0.0934","-0.0936"
"2022-05-23","-0.1118","-0.1117"
"2022-05-24","-0.1223","-0.1235"
"2022-05-25","-0.0899","-0.0901"
"2022-05-26","-0.0936","-0.0969"
"2022-05-27","-0.0791","-0.1175"
"2022-05-28","-0.102","-0.1096"
"2022-05-29","-0.077","-0.0774"
"2022-05-30","-0.0744","-0.0746"
"2022-05-31","-0.0919","-0.0918"
"2022-06-01","-0.0958","-0.0954"
"2022-06-02","-0.0557","-0.0536"
"2022-06-03","-0.0702","-0.0676"
"2022-06-04","-0.0851","-0.093"
"2022-06-05","-0.037","-0.0359"
"2022-06-06","-0.0238","-0.022"
"2022-06-07","-0.0392","-0.0382"
"2022-06-08","-0.055","-0.0538"
"2022-06-09","-0.0621","-0.0624"
"2022-06-10","-0.0543","-0.0618"
"2022-06-11","-0.0544","-0.0533"
"2022-06-12","-0.0437","-0.0444"
"2022-06-13","-0.0539","-0.0543"
"2022-06-14","-0.0467","-0.0447"
"2022-06-15","-0.0205","-0.0204"
"2022-06-16","-0.0313","-0.0304"
"2022-06-17","-0.0459","-0.0544"
"2022-06-18","-0.0745","-0.0752"
"2022-06-19","-0.0678","-0.0685"
"2022-06-20","-0.0781","-0.0798"
"2022-06-21","0.0016","-0.0016"
"2022-06-22","-0.0088","-0.0102"
"2022-06-23","0.0043","0.0031"
"2022-06-24","-0.0055","-0.0213"
"2022-06-25","-0.0358","-0.0969"
"2022-06-26","-0.0856","-0.0866"
"2022-06-27","-0.0943","-0.0985"
"2022-06-28","-0.0877","-0.0891"
"2022-06-29","-0.0411","-0.0454"
"2022-06-30","-0.0464","-0.0535"
"2022-07-01","-0.0699","-0.0834"
"2022-07-02","-0.0964","-0.1093"
"2022-07-03","-0.1007","-0.1009"
"2022-07-04","-0.1137","-0.1084"
"2022-07-05","-0.0308","-0.0343"
"2022-07-06","-0.0264","-0.0262"
"2022-07-07","0.0016","0.0053"
"2022-07-08","0.0137","0.0043"
"2022-07-09","-0.0196","-0.0207"
"2022-07-10","-0.0192","-0.0186"
"2022-07-11","-0.0246","-0.0264"
"2022-07-12","-0.0198","-0.0214"
"2022-07-13","-0.0356","-0.0397"
"2022-07-14","-0.0536","-0.0531"
"2022-07-15","-0.0577","-0.0686"
"2022-07-16","-0.0607","-0.0734"
"2022-07-17","-0.0967","-0.0971"
"2022-07-18","-0.1129","-0.1136"
"2022-07-19","-0.1366","-0.1365"
"2022-07-20","-0.117","-0.1172"
"2022-07-21","-0.0489","-0.0509"
"2022-07-22","0.0268","0.0264"
"2022-07-23","0.0011","-0.0107"
"2022-07-24","-0.0138","-0.0135"
"2022-07-25","-0.0175","-0.0142"
"2022-07-26","0.0365","0.0376"
"2022-07-27","-0.0016","-0.0021"
"2022-07-28","0.0258","0.0288"
"2022-07-29","0.0487","0.0408"
"2022-07-30","0.0286","0.0274"
"2022-07-31","-0.0087","-0.0083"
"2022-08-01","-0.0321","-0.0338"
"2022-08-02","-0.0467","-0.0468"
"2022-08-03","-0.012","-0.0133"
"2022-08-04","-0.012","-0.0132"
"2022-08-05","-0.0589","-0.0572"
"2022-08-06","-0.056","-0.0538"
"2022-08-07","-0.0355","-0.0367"
"2022-08-08","-0.0831","-0.0837"
"2022-08-09","-0.0711","-0.0785"
"2022-08-10","-0.0791","-0.0816"
"2022-08-11","-0.0827","-0.0842"
"2022-08-12","-0.119","-0.131"
"2022-08-13","-0.1552","-0.1536"
"2022-08-14","-0.1416","-0.1394"
"2022-08-15","-0.0989","-0.0983"
"2022-08-16","-0.0579","-0.0585"
"2022-08-17","-0.0091","-0.0213"
"2022-08-18","-0.087","-0.0882"
"2022-08-19","-0.0581","-0.0701"
"2022-08-20","-0.0338","-0.0937"
"2022-08-21","-0.0222","-0.0229"
"2022-08-22","-0.0306","-0.0324"
"2022-08-23","0.0257","0.0263"
"2022-08-24","0.0074","0.0074"
"2022-08-25","0.0303","0.0287"
"2022-08-26","0.0097","0.0171"
"2022-08-27","-0.0555","-0.0182"
"2022-08-28","-0.0737","-0.0332"
"2022-08-29","-0.0029","0.0042"
"2022-08-30","-0.0394","-0.0393"
"2022-08-31","-0.0629","-0.0581"
"2022-09-01","-0.0215","-0.0226"
"2022-09-02","-0.0285","-0.0322"
"2022-09-03","-0.043","-0.0396"
"2022-09-04","-0.0091","-0.0099"
"2022-09-05","-0.0317","-0.0287"
"2022-09-06","-0.0524","-0.0497"
"2022-09-07","-0.0731","-0.0712"
"2022-09-08","-0.0947","-0.0893"
"2022-09-09","-0.1201","-0.1073"
"2022-09-10","-0.1023","-0.0947"
"2022-09-11","-0.0971","-0.0959"
"2022-09-12","-0.0722","-0.0692"
"2022-09-13","-0.1081","-0.1099"
"2022-09-14","-0.0769","-0.0765"
"2022-09-15","-0.1313","-0.1366"
"2022-09-16","-0.1582","-0.1585"
"2022-09-17","-0.1686","-0.1652"
"2022-09-18","-0.1575","-0.154"
"2022-09-19","-0.1718","-0.1717"
"2022-09-20","-0.0767","-0.0706"
"2022-09-21","-0.0812","-0.0822"
"2022-09-22","-0.0363","-0.0365"
"2022-09-23","-0.0662","-0.0575"
"2022-09-24","-0.1022","-0.1088"
"2022-09-25","-0.1048","-0.1022"
"2022-09-26","-0.206","-0.2052"
"2022-09-27","-0.1585","-0.1592"
"2022-09-28","-0.1441","-0.145"
"2022-09-29","-0.1385","-0.1379"
"2022-09-30","-0.0922","-0.0796"
"2022-10-01","-0.1041","-0.0991"
"2022-10-02","-0.1111","-0.1011"
"2022-10-03","-0.0498","-0.0454"
"2022-10-04","-0.0542","-0.0442"
"2022-10-05","-0.0792","-0.0682"
"2022-10-06","-0.0161","-0.0099"
"2022-10-07","-0.0827","-0.076"
"2022-10-08","-0.1347","-0.1356"
"2022-10-09","-0.1083","-0.1074"
"2022-10-10","-0.1766","-0.171"
"2022-10-11","-0.1345","-0.1356"
"2022-10-12","-0.094","-0.0909"
"2022-10-13","-0.1506","-0.1425"
"2022-10-14","-0.1647","-0.1312"
"2022-10-15","-0.1443","-0.1408"
"2022-10-16","-0.1035","-0.1012"
"2022-10-17","-0.145","-0.1419"
"2022-10-18","-0.1316","-0.1312"
"2022-10-19","-0.1247","-0.12"
"2022-10-20","-0.1411","-0.1298"
"2022-10-21","-0.0954","-0.0897"
"2022-10-22","-0.1612","-0.1551"
"2022-10-23","-0.1624","-0.156"
"2022-10-24","-0.1603","-0.1599"
"2022-10-25","-0.1291","-0.1287"
"2022-10-26","-0.1193","-0.1201"
"2022-10-27","-0.1131","-0.0755"
"2022-10-28","-0.1114","-0.1014"
"2022-10-29","-0.0549","-0.0462"
"2022-10-30","-0.0863","-0.0843"
"2022-10-31","-0.0978","-0.0942"
"2022-11-01","-0.137","-0.137"
"2022-11-02","-0.0491","-0.0498"
"2022-11-03","-0.1456","-0.1465"
"2022-11-04","-0.1331","-0.1252"
"2022-11-05","-0.1307","-0.1171"
"2022-11-06","-0.1302","-0.1301"
"2022-11-07","-0.0854","-0.0823"
"2022-11-08","-0.1199","-0.1109"
"2022-11-09","-0.1152","-0.0978"
"2022-11-10","-0.0681","-0.0636"
"2022-11-11","-0.1259","-0.1178"
"2022-11-12","-0.1437","-0.1367"
"2022-11-13","-0.1557","-0.149"
"2022-11-14","-0.1605","-0.1604"
"2022-11-15","-0.1524","-0.1473"
"2022-11-16","-0.1097","-0.1092"
"2022-11-17","-0.1446","-0.1446"
"2022-11-18","-0.1349","-0.1235"
"2022-11-19","-0.1511","-0.1395"
"2022-11-20","-0.1463","-0.1444"
"2022-11-21","-0.0966","-0.0955"
"2022-11-22","-0.0887","-0.0822"
"2022-11-23","-0.0995","-0.0973"
"2022-11-24","-0.064","-0.0529"
"2022-11-25","-0.0748","-0.0639"
"2022-11-26","-0.0842","-0.0731"
"2022-11-27","-0.1043","-0.0981"
"2022-11-28","-0.0466","-0.0468"
"2022-11-29","-0.0493","-0.0489"
"2022-11-30","-0.0676","-0.0666"
"2022-12-01","-0.0899","-0.0899"
"2022-12-02","-0.1368","-0.0973"
"2022-12-03","-0.1002","-0.0914"
"2022-12-04","-0.095","-0.0931"
"2022-12-05","-0.0736","-0.0686"
"2022-12-06","-0.0473","-0.0429"
"2022-12-07","-0.0296","-0.0271"
"2022-12-08","-0.0208","-0.016"
"2022-12-09","-0.0341","-0.0253"
"2022-12-10","-0.0434","-0.034"
"2022-12-11","-0.0494","-0.0482"
"2022-12-12","-0.0454","-0.0409"
"2022-12-13","-0.0319","-0.0305"
"2022-12-14","-0.0227","-0.0223"
"2022-12-15","-0.0034","-0.002"
"2022-12-16","-0.0232","-0.0093"
"2022-12-17","-0.0686","-0.0358"
"2022-12-18","-0.0632","-0.0568"
"2022-12-19","-0.1332","-0.1326"
"2022-12-20","-0.0331","-0.1191"
"2022-12-21","-0.0594","-0.0532"
"2022-12-22","-0.0619","-0.056"
"2022-12-23","-0.078","-0.069"
"2022-12-24","-0.0559","-0.0416"
"2022-12-25","-0.1479","-0.1299"
"2022-12-26","-0.0583","-0.0443"
"2022-12-27","-0.0086","0.0046"
"2022-12-28","-0.0624","-0.0618"
"2022-12-29","-0.0507","-0.041"
"2022-12-30","-0.018","-0.0047"
"2022-12-31","-0.0432","-0.0303"
"2023-01-01","-0.0538","-0.0484"
"2023-01-02","0.023","0.0273"
"2023-01-03","-0.0094","-0.0082"
"2023-01-04","-0.0616","-0.0573"
"2023-01-05","-0.0474","-0.0427"
"2023-01-06","-0.0494","-0.0318"
"2023-01-07","-0.1056","-0.097"
"2023-01-08","-0.0574","-0.0516"
"2023-01-09","-0.0265","-0.0257"
"2023-01-10","-0.019","-0.0133"
"2023-01-11","-0.0344","-0.0328"
"2023-01-12","-0.0348","-0.0344"
"2023-01-13","-0.0202","-0.0055"
"2023-01-14","-0.0592","-0.0487"
"2023-01-15","-0.0229","-0.0177"
"2023-01-16","-0.0325","-0.0218"
"2023-01-17","-0.0075","-0.0007"
"2023-01-18","-0.0268","-0.0269"
"2023-01-19","-0.0234","-0.0227"
"2023-01-20","-0.0278","-0.0188"
"2023-01-21","-0.0212","-0.0117"
"2023-01-22","-0.0273","-0.019"
"2023-01-23","-0.0297","-0.028"
"2023-01-24","-0.0515","-0.0475"
"2023-01-25","-0.0739","-0.0659"
"2023-01-26","-0.0467","-0.0422"
"2023-01-27","-0.0353","-0.025"
"2023-01-28","-0.0514","-0.0405"
"2023-01-29","-0.0707","-0.0692"
"2023-01-30","-0.0665","-0.0652"
"2023-01-31","-0.058","-0.0513"
"2023-02-01","0.001","0.0068"
"2023-02-02","-0.0169","-0.0105"
"2023-02-03","-0.035","-0.022"
"2023-02-04","-0.0553","-0.0446"
"2023-02-05","-0.0366","-0.0188"
"2023-02-06","-0.0073","-0.0072"
"2023-02-07","-0.0163","-0.0159"
"2023-02-08","-0.0532","-0.0437"
"2023-02-09","-0.0523","-0.0472"
"2023-02-10","-0.0266","-0.0176"
"2023-02-11","-0.0732","-0.0656"
"2023-02-12","-0.0736","-0.0743"
"2023-02-13","-0.0775","-0.0771"
"2023-02-14","-0.0512","-0.0498"
"2023-02-15","-0.063","-0.0618"
"2023-02-16","-0.0673","-0.0662"
"2023-02-17","-0.088","-0.0743"
"2023-02-18","-0.0802","-0.0691"
"2023-02-19","-0.083","-0.0754"
"2023-02-20","-0.0539","-0.0482"
"2023-02-21","-0.0829","-0.0816"
"2023-02-22","-0.067","-0.0665"
"2023-02-23","-0.0609","-0.0548"
"2023-02-24","-0.0399","-0.0289"
"2023-02-25","-0.0366","-0.0252"
"2023-02-26","-0.0418","-0.0408"
"2023-02-27","-0.0259","-0.0215"
"2023-02-28","-0.0315","-0.0269"
"2023-03-01","-0.0086","-0.0046"
"2023-03-02","-0.0268","-0.0235"
"2023-03-03","0.0047","0.0156"
"2023-03-04","-0.0067","0.0028"
"2023-03-05","-0.0062","-0.0062"
"2023-03-06","-0.0111","-0.0104"
"2023-03-07","-0.0219","-0.021"
"2023-03-08","0.0177","0.0187"
"2023-03-09","0.0175","0.0184"
"2023-03-10","-0.0038","0.0012"
"2023-03-11","-0.0236","-0.0168"
"2023-03-12","-0.0464","-0.0446"
"2023-03-13","-0.0282","-0.0268"
"2023-03-14","0.0073","0.0089"
"2023-03-15","0.035","0.036"
"2023-03-16","-0.0034","-0.0003"
"2023-03-17","-0.0399","-0.029"
"2023-03-18","-0.0348","-0.0675"
"2023-03-19","-0.0143","-0.0129"
"2023-03-20","0.003","0.0213"
"2023-03-21","-0.0278","-0.0242"
"2023-03-22","-0.0149","-0.0112"
"2023-03-23","-0.0119","-0.0033"
"2023-03-24","-0.0344","-0.0278"
"2023-03-25","-0.0387","-0.0319"
"2023-03-26","0.0076","0.0079"
"2023-03-27","-0.046","-0.0448"
"2023-03-28","0.0341","0.0349"
"2023-03-29","0.0036","0.0069"
"2023-03-30","-0.0377","-0.0337"
"2023-03-31","0.0011","0.0068"
"2023-04-01","0.0341","0.04"
"2023-04-02","-0.0268","-0.0218"
"2023-04-03","-0.0727","-0.0706"
"2023-04-04","-0.101","-0.0862"
"2023-04-05","-0.0007","0.0034"
"2023-04-06","-0.0641","-0.0573"
"2023-04-07","-0.0682","-0.0619"
"2023-04-08","-0.0969","-0.0902"
"2023-04-09","-0.0846","-0.079"
"2023-04-10","-0.0448","-0.0378"
"2023-04-11","0.0115","0.0135"
"2023-04-12","0.017","0.0171"
"2023-04-13","-0.0087","-0.0093"
"2023-04-14","0.0238","0.0288"
"2023-04-15","-0.0611","-0.0559"
"2023-04-16","-0.0201","-0.0175"
"2023-04-17","-0.0291","-0.0282"
"2023-04-18","-0.0463","-0.0443"
"2023-04-19","-0.0298","-0.0273"
"2023-04-20","-0.0485","-0.0456"
"2023-04-21","-0.0028","0.0027"
"2023-04-22","-0.0413","-0.0349"
"2023-04-23","-0.0368","-0.0358"
"2023-04-24","-0.0053","-0.0057"
"2023-04-25","-0.0479","-0.0473"
"2023-04-26","-0.0389","-0.0377"
"2023-04-27","0.0137","0.0158"
"2023-04-28","0.0179","0.0227"
"2023-04-29","-0.0196","-0.0243"
"2023-04-30","-0.0381","-0.0317"
"2023-05-01","0.0341","0.0393"
"2023-05-02","-0.0189","-0.0183"
"2023-05-03","-0.0717","-0.0669"
"2023-05-04","-0.0149","-0.0154"
"2023-05-05","0.0239","0.0279"
"2023-05-06","0.0141","0.0183"
"2023-05-07","-0.0067","-0.0007"
"2023-05-08","-0.0021","-0.0002"
"2023-05-09","-0.0116","-0.0096"
"2023-05-10","-0.0372","-0.0363"
"2023-05-11","-0.0257","-0.0266"
"2023-05-12","0.0135","-0.0071"
"2023-05-13","-0.0378","-0.0335"
"2023-05-14","-0.0551","-0.0545"
"2023-05-15","-0.1155","-0.116"
"2023-05-16","-0.1114","-0.1098"
"2023-05-17","-0.0642","-0.0639"
"2023-05-18","-0.0519","-0.0477"
"2023-05-19","-0.0379","-0.0321"
"2023-05-20","-0.062","-0.0563"
"2023-05-21","-0.0284","-0.0265"
"2023-05-22","-0.0563","-0.044"
"2023-05-23","-0.0794","-0.0786"
"2023-05-24","-0.0744","-0.0734"
"2023-05-25","-0.0755","-0.0746"
"2023-05-26","-0.057","-0.0779"
"2023-05-27","0.0644","-0.093"
"2023-05-28","-0.0901","-0.0839"
"2023-05-29","-0.0566","-0.0528"
"2023-05-30","-0.0237","-0.0204"
"2023-05-31","-0.0493","-0.0459"
"2023-06-01","-0.0302","-0.0261"
"2023-06-02","-0.059","-0.0542"
"2023-06-03","-0.0697","-0.0641"
"2023-06-04","-0.0143","-0.0116"
"2023-06-05","-0.0375","-0.0386"
"2023-06-06","-0.05","-0.0514"
"2023-06-07","-0.0364","-0.0378"
"2023-06-08","-0.0548","-0.0513"
"2023-06-09","0.0212","-0.0024"
"2023-06-10","0.0532","0.058"
"2023-06-11","0.0888","0.088"
"2023-06-12","0.0524","0.0506"
"2023-06-13","0.0195","0.0196"
"2023-06-14","0.0166","0.0174"
"2023-06-15","0.0114","0.0171"
"2023-06-16","-0.0098","0.0017"
"2023-06-17","0.0004","0.0074"
"2023-06-18","0.0196","0.0217"
"2023-06-19","-0.0054","-0.0021"
"2023-06-20","0.0096","0.0123"
"2023-06-21","0.0134","0.0173"
"2023-06-22","-0.0099","-0.0077"
"2023-06-23","-0.0139","-0.0068"
"2023-06-24","-0.0183","-0.0106"
"2023-06-25","0.0036","0.0102"
"2023-06-26","-0.0186","-0.0157"
"2023-06-27","-0.0162","-0.0141"
"2023-06-28","0.0125","0.0167"
"2023-06-29","-0.038","-0.033"
"2023-06-30","-0.0915","-0.0796"
"2023-07-01","-0.0767","-0.0669"
"2023-07-02","-0.0781","-0.0737"
"2023-07-03","-0.0883","-0.0861"
"2023-07-04","-0.0778","-0.0703"
"2023-07-05","-0.102","-0.0975"
"2023-07-06","-0.0521","-0.0471"
"2023-07-07","-0.0062","0.0079"
"2023-07-08","0.0283","0.0313"
"2023-07-09","0.0214","0.0258"
"2023-07-10","-0.0103","-0.0064"
"2023-07-11","-0.0147","-0.0073"
"2023-07-12","-0.0034","-0.0021"
"2023-07-13","-0.0397","-0.0368"
"2023-07-14","-0.0526","-0.0532"
"2023-07-15","-0.0301","-0.0174"
"2023-07-16","-0.0232","-0.0232"
"2023-07-17","-0.0036","-0.0355"
"2023-07-18","-0.022","-0.016"
"2023-07-19","-0.0173","-0.0082"
"2023-07-20","-0.0258","-0.0175"
"2023-07-21","-0.0052","0.0061"
"2023-07-22","-0.0213","-0.0101"
"2023-07-23","0.0336","0.0457"
"2023-07-24","0.0262","0.0349"
"2023-07-25","0.0052","0.0093"
"2023-07-26","0.0078","0.0131"
"2023-07-27","0.052","0.0584"
"2023-07-28","0.0551","0.0653"
"2023-07-29","0.0296","0.04"
"2023-07-30","0.0315","0.0324"
"2023-07-31","0.0339","0.0337"
"2023-08-01","0.0502","0.0538"
"2023-08-02","0.0502","0.0491"
"2023-08-03","0.0691","0.0676"
"2023-08-04","0.0231","0.0289"
"2023-08-05","-0.0107","-0.0045"
"2023-08-06","0.0002","0.0043"
"2023-08-07","-0.0659","-0.0653"
"2023-08-08","-0.0681","-0.0687"
"2023-08-09","0.0029","0.0025"
"2023-08-10","0.0094","0.0133"
"2023-08-11","0.0008","0.0048"
"2023-08-12","0.0095","0.0106"
"2023-08-13","0.0202","0.0204"
"2023-08-14","0.0097","0.0059"
"2023-08-15","0.0273","0.0265"
"2023-08-16","0.0149","0.0146"
"2023-08-17","0.0082","0.0083"
"2023-08-18","0.0249","0.0255"
"2023-08-19","0.0311","0.0324"
"2023-08-20","0.0291","0.0293"
"2023-08-21","0.0355","0.0358"
"2023-08-22","0.0232","0.0248"
"2023-08-23","0.0247","0.0257"
"2023-08-24","0.004","0.0027"
"2023-08-25","-0.0455","-0.0285"
"2023-08-26","-0.0615","-0.0591"
"2023-08-27","-0.0674","-0.0649"
"2023-08-28","0.0033","0.0047"
"2023-08-29","-0.0661","-0.0662"
"2023-08-30","-0.0648","-0.0511"
"2023-08-31","-0.0555","-0.0555"
"2023-09-01","0.0362","-0.013"
"2023-09-02","0.0277","0.0148"
"2023-09-03","0.0404","0.0433"
"2023-09-04","0.008","0.0083"
"2023-09-05","0.0083","0.0109"
"2023-09-06","0.0054","0.0066"
"2023-09-07","-0.0272","-0.0202"
"2023-09-08","0.0107","-0.0009"
"2023-09-09","-0.0175","-0.0343"
"2023-09-10","-0.0114","-0.0064"
"2023-09-11","-0.0139","-0.0117"
"2023-09-12","-0.017","-0.0168"
"2023-09-13","-0.0278","-0.0247"
"2023-09-14","-0.0319","-0.0314"
"2023-09-15","-0.0293","-0.0171"
"2023-09-16","-0.0123","-0.0063"
"2023-09-17","0.0362","0.0387"
"2023-09-18","-0.0434","-0.0422"
"2023-09-19","0.0159","0.0176"
"2023-09-20","-0.0121","-0.0113"
"2023-09-21","-0.0141","-0.0129"
"2023-09-22","-0.0469","-0.0407"
"2023-09-23","-0.0502","-0.0422"
"2023-09-24","0.0414","0.0424"
"2023-09-25","-0.0621","-0.0631"
"2023-09-26","-0.0286","-0.0281"
"2023-09-27","-0.0144","-0.0096"
"2023-09-28","-0.0045","-0.0019"
"2023-09-29","-0.0546","-0.0501"
"2023-09-30","-0.0216","-0.0167"
"2023-10-01","-0.022","-0.0208"
"2023-10-02","-0.0515","-0.0502"
"2023-10-03","-0.0628","-0.0631"
"2023-10-04","-0.0334","-0.0337"
"2023-10-05","-0.0197","-0.0202"
"2023-10-06","-0.0271","-0.0195"
"2023-10-07","-0.0298","-0.0251"
"2023-10-08","0.0038","0.0031"
"2023-10-09","-0.0478","-0.0482"
"2023-10-10","-0.0562","-0.0568"
"2023-10-11","-0.0491","-0.0486"
"2023-10-12","-0.065","-0.0667"
"2023-10-13","-0.1071","-0.0933"
"2023-10-14","-0.0926","-0.0917"
"2023-10-15","-0.0687","-0.0694"
"2023-10-16","-0.0165","-0.0141"
"2023-10-17","-0.0533","-0.0488"
"2023-10-18","-0.0323","-0.0302"
"2023-10-19","-0.0156","-0.0166"
"2023-10-20","-0.0512","-0.0328"
"2023-10-21","-0.0164","-0.0124"
"2023-10-22","0.0009","0.0049"
"2023-10-23","0.0204","0.0244"
"2023-10-24","-0.0309","-0.0312"
"2023-10-25","-0.0326","-0.0285"
"2023-10-26","-0.0469","-0.0476"
"2023-10-27","-0.0367","-0.0249"
"2023-10-28","0.0073","-0.0021"
"2023-10-29","-0.0077","-0.0067"
"2023-10-30","-0.0025","-0.0014"
"2023-10-31","0.0078","0.0082"
"2023-11-01","-0.0224","-0.0216"
"2023-11-02","0.0023","0.0029"
"2023-11-03","-0.0146","-0.0039"
"2023-11-04","0.0167","0.023"
"2023-11-05","-0.0061","-0.0059"
"2023-11-06","0.0038","0.0047"
"2023-11-07","0.0036","0.005"
"2023-11-08","0.0233","0.0248"
"2023-11-09","0.0236","0.0234"
"2023-11-10","0.027","0.0321"
"2023-11-11","0.0292","0.0383"
"2023-11-12","0.0458","0.0466"
"2023-11-13","0.0128","0.0132"
"2023-11-14","0.0198","0.0174"
"2023-11-15","0.0274","0.0307"
"2023-11-16","0.0444","0.0445"
"2023-11-17","0.0102","0.0297"
"2023-11-18","0.0164","0.0243"
"2023-11-19","0.0378","0.0424"
"2023-11-20","0.0285","0.0282"
"2023-11-21","0.0111","0.0262"
"2023-11-22","0.047","0.047"
"2023-11-23","0.0059","0.0064"
"2023-11-24","0.0397","0.0488"
"2023-11-25","0.0866","0.0903"
"2023-11-26","0.0664","0.0668"
"2023-11-27","-0.0224","-0.022"
"2023-11-28","0.0273","0.0324"
"2023-11-29","0.0602","0.0606"
"2023-11-30","0.0647","0.0646"
"2023-12-01","0.0836","0.0836"
"2023-12-02","0.0738","0.0768"
"2023-12-03","0.0509","0.0526"
"2023-12-04","0.0108","0.01"
"2023-12-05","0.0376","0.0376"
"2023-12-06","0.0679","0.0702"
"2023-12-07","0.0228","0.029"
"2023-12-08","0.0298","0.0412"
"2023-12-09","0.04","0.0596"
"2023-12-10","0.0723","0.078"
"2023-12-11","0.0696","0.066"
"2023-12-12","0.0389","0.0396"
"2023-12-13","0.041","0.0421"
"2023-12-14","0.0761","0.0767"
"2023-12-15","0.0582","0.0639"
"2023-12-16","0.0236","0.0372"
"2023-12-17","0.0514","0.0474"
"2023-12-18","0.026","0.0238"
"2023-12-19","0.0","0.0006"
"2023-12-20","0.0568","0.0592"
"2023-12-21","0.0329","0.0334"
"2023-12-22","0.0269","0.036"
"2023-12-23","0.0662","0.0742"
"2023-12-24","0.0286","0.0394"
"2023-12-25","-0.0187","-0.0052"
"2023-12-26","0.0567","0.0584"
"2023-12-27","0.0329","0.0353"
"2023-12-28","0.0695","0.0718"
"2023-12-29","0.0677","0.0753"
"2023-12-30","0.0689","0.076"
"2023-12-31","0.0401","0.047"
"2024-01-01","0.0549","0.0597"
"2024-01-02","-0.0136","-0.0131"
"2024-01-03","0.0186","0.012"
"2024-01-04","0.0147","0.0141"
"2024-01-05","0.0411","0.0442"
"2024-01-06","0.0631","0.0681"
"2024-01-07","0.0806","0.0804"
"2024-01-08","0.0624","0.0609"
"2024-01-09","0.0565","0.0564"
"2024-01-10","0.0744","0.0739"
"2024-01-11","0.0736","0.0678"
"2024-01-12","0.0472","0.0462"
"2024-01-13","0.0519","0.0583"
"2024-01-14","0.0582","0.0631"
"2024-01-15","0.0732","0.0739"
"2024-01-16","0.0764","0.0791"
"2024-01-17","0.062","0.0587"
"2024-01-18","0.0792","0.0803"
"2024-01-19","0.0662","0.0716"
"2024-01-20","0.0637","0.0696"
"2024-01-21","0.0802","0.0813"
"2024-01-22","0.04","0.0413"
"2024-01-23","0.0951","0.096"
"2024-01-24","0.0519","0.0559"
"2024-01-25","0.0803","0.0821"
"2024-01-26","0.028","0.0391"
"2024-01-27","0.0854","0.091"
"2024-01-28","0.0815","0.0787"
"2024-01-29","0.0327","0.0325"
"2024-01-30","0.0329","0.0324"
"2024-01-31","0.0861","0.0868"
"2024-02-01","0.0411","0.0425"
"2024-02-02","0.0491","0.0403"
"2024-02-03","0.0122","0.019"
"2024-02-04","0.0522","0.0542"
"2024-02-05","0.0653","0.0673"
"2024-02-06","0.0591","0.0609"
"2024-02-07","0.0688","0.0685"
"2024-02-08","0.0581","0.0584"
"2024-02-09","0.0375","0.0425"
"2024-02-10","0.0364","0.0231"
"2024-02-11","0.0071","0.0073"
"2024-02-12","0.013","0.0133"
"2024-02-13","0.0503","0.0534"
"2024-02-14","0.0056","0.0092"
"2024-02-15","-0.0366","-0.0367"
"2024-02-16","-0.0227","-0.015"
"2024-02-17","0.0231","0.0282"
"2024-02-18","-0.0002","-0.0006"
"2024-02-19","0.016","0.0163"
"2024-02-20","0.0428","0.0432"
"2024-02-21","0.0411","0.0411"
"2024-02-22","0.0307","0.0303"
"2024-02-23","0.0568","0.06"
"2024-02-24","0.052","0.0556"
"2024-02-25","0.036","0.0333"
"2024-02-26","0.0492","0.0474"
"2024-02-27","0.0592","0.0589"
"2024-02-28","0.0461","0.0445"
"2024-02-29","0.0006","0.0007"
"2024-03-01","0.0615","0.0637"
"2024-03-02","0.0693","0.0713"
"2024-03-03","0.0517","0.0506"
"2024-03-04","0.0165","0.0168"
"2024-03-05","0.0166","0.0094"
"2024-03-06","0.0133","0.0044"
"2024-03-07","0.0348","0.0275"
"2024-03-08","0.0443","0.0443"
"2024-03-09","0.0485","0.0523"
"2024-03-10","0.0593","0.0608"
"2024-03-11","0.0752","0.0746"
"2024-03-12","0.0809","0.0727"
"2024-03-13","0.0387","0.0388"
"2024-03-14","0.0517","0.054"
"2024-03-15","0.037","0.0425"
"2024-03-16","0.0611","0.0655"
"2024-03-17","0.0539","0.053"
"2024-03-18","0.03","0.0207"
"2024-03-19","0.0152","0.016"
"2024-03-20","0.0408","0.033"
"2024-03-21","0.0516","0.0538"
"2024-03-22","0.0028","0.0128"
"2024-03-23","0.0454","0.0519"
"2024-03-24","0.0309","0.0327"
"2024-03-25","0.0625","0.0531"
"2024-03-26","0.0007","0.0015"
"2024-03-27","0.0096","0.026"
"2024-03-28","0.0691","0.07"
"2024-03-29","0.037","0.0397"
"2024-03-30","-0.0606","-0.0594"
"2024-03-31","-0.0181","-0.0139"
"2024-04-01","0.02","0.0202"
"2024-04-02","0.0116","0.0222"
"2024-04-03","0.0468","0.0469"
"2024-04-04","0.0798","0.0703"
"2024-04-05","0.0508","0.0538"
"2024-04-06","0.0572","0.0631"
"2024-04-07","0.0706","0.0722"
"2024-04-08","0.0703","0.0606"
"2024-04-09","0.0493","0.0527"
"2024-04-10","0.1135","0.1157"
"2024-04-11","0.0374","0.0362"
"2024-04-12","0.0412","0.0404"
"2024-04-13","0.0321","0.0322"
"2024-04-14","0.022","0.0246"
"2024-04-15","0.0174","0.0177"
"2024-04-16","0.0453","0.0325"
"2024-04-17","0.0409","0.032"
"2024-04-18","0.0415","0.0429"
"2024-04-19","0.029","0.0314"
"2024-04-20","0.0439","0.0348"
"2024-04-21","0.011","0.0109"
"2024-04-22","0.0407","0.0429"
"2024-04-23","0.0231","0.0231"
"2024-04-24","0.0212","0.0209"
"2024-04-25","0.0446","0.0354"
"2024-04-26","0.0146","0.0056"
"2024-04-27","0.0368","0.0385"
"2024-04-28","0.0535","0.0539"
"2024-04-29","0.0427","0.0435"
"2024-04-30","0.0217","0.0228"
"2024-05-01","0.0402","0.0375"
"2024-05-02","0.0336","0.0328"
"2024-05-03","0.0318","0.0719"
"2024-05-04","0.1091","0.05"
"2024-05-05","0.0341","0.0227"
"2024-05-06","0.0868","0.0877"
"2024-05-07","0.0392","0.0404"
"2024-05-08","0.0351","0.0348"
"2024-05-09","0.0194","0.0024"
"2024-05-10","0.0587","-0.0015"
"2024-05-11","0.0349","0.0228"
"2024-05-12","0.0491","0.0493"
"2024-05-13","-0.0162","-0.0193"
"2024-05-14","-0.0204","-0.0217"
"2024-05-15","-0.0079","-0.0254"
"2024-05-16","-0.0011","-0.0152"
"2024-05-17","-0.0067","-0.0233"
"2024-05-18","-0.0246","-0.0205"
"2024-05-19","0.0117","0.0116"
"2024-05-20","-0.0555","-0.0564"
"2024-05-21","-0.0125","-0.0309"
"2024-05-22","-0.0158","-0.0152"
"2024-05-23","-0.0171","-0.0169"
"2024-05-24","0.0327","0.003"
"2024-05-25","-0.051","-0.0417"
"2024-05-26","-0.0367","-0.0259"
"2024-05-27","0.0065","0.0121"
"2024-05-28","0.0591","0.0599"
"2024-05-29","0.0383","0.0413"
"2024-05-30","0.0577","0.058"
"2024-05-31","0.066","0.068"
"2024-06-01","0.0172","0.0193"
"2024-06-02","0.0331","0.034"
"2024-06-03","0.0142","0.0116"
"2024-06-04","-0.012","-0.0107"
"2024-06-05","-0.0198","-0.0198"
"2024-06-06","-0.0148","-0.0323"
"2024-06-07","-0.0005","-0.0161"
"2024-06-08","-0.0338","-0.0319"
"2024-06-09","0.0236","0.0226"
"2024-06-10","-0.0339","-0.038"
"2024-06-11","-0.0138","-0.0139"
"2024-06-12","-0.0088","-0.0259"
"2024-06-13","-0.0074","-0.008"
"2024-06-14","0.0094","0.0151"
"2024-06-15","0.0177","0.0193"
"2024-06-16","0.02","0.0215"
"2024-06-17","0.0058","0.0132"
"2024-06-18","0.0078","0.0083"
"2024-06-19","-0.0044","0.0007"
"2024-06-20","0.011","0.0118"
"2024-06-21","0.0111","0.0131"
"2024-06-22","0.0025","0.0062"
"2024-06-23","0.0815","0.0562"
"2024-06-24","0.045","0.0233"
"2024-06-25","0.0316","0.0094"
"2024-06-26","0.0086","0.0095"
"2024-06-27","0.0093","0.0095"
"2024-06-28","0.0007","0.0055"
"2024-06-29","0.0107","0.0158"
"2024-06-30","-0.0141","-0.0138"
"2024-07-01","-0.0016","-0.024"
"2024-07-02","-0.0225","-0.0218"
"2024-07-03","-0.0086","-0.0088"
"2024-07-04","-0.0322","-0.0342"
"2024-07-05","-0.0371","-0.0318"
"2024-07-06","-0.046","-0.0406"
"2024-07-07","-0.0232","-0.0192"
"2024-07-08","-0.0531","-0.0468"
"2024-07-09","0.0129","0.0165"
"2024-07-10","0.0203","0.0224"
"2024-07-11","0.0543","0.0345"
"2024-07-12","0.0091","0.0074"
"2024-07-13","0.0248","0.0271"
"2024-07-14","0.04","0.0423"
"2024-07-15","0.0241","0.0036"
"2024-07-16","0.0955","0.0766"
"2024-07-17","0.0732","0.0538"
"2024-07-18","0.0437","0.041"
"2024-07-19","0.0256","0.0366"
"2024-07-20","0.0303","0.0326"
"2024-07-21","0.0755","0.076"
"2024-07-22","0.0968","0.0971"
"2024-07-23","0.1173","0.0948"
"2024-07-24","0.0789","0.0781"
"2024-07-25","0.0846","0.0629"
"2024-07-26","0.0694","0.0464"
"2024-07-27","0.0299","0.0313"
"2024-07-28","0.06","0.0595"
"2024-07-29","0.0338","0.0352"
"2024-07-30","0.0587","0.033"
"2024-07-31","0.0405","0.0147"
"2024-08-01","0.0545","0.0297"
"2024-08-02","-0.0106","-0.0072"
"2024-08-03","0.0201","0.0225"
"2024-08-04","0.039","0.0388"
"2024-08-05","-0.0267","-0.0275"
"2024-08-06","-0.0065","-0.0081"
"2024-08-07","-0.0057","-0.0087"
"2024-08-08","0.0083","0.0062"
"2024-08-09","0.0106","0.0131"
"2024-08-10","0.0276","0.0291"
"2024-08-11","-0.0002","0.0005"
"2024-08-12","-0.0303","-0.0319"
"2024-08-13","-0.0026","-0.0031"
"2024-08-14","0.024","-0.0019"
"2024-08-15","-0.0127","-0.0122"
"2024-08-16","0.0077","0.0056"
"2024-08-17","-0.0043","-0.0018"
"2024-08-18","0.0005","-0.0001"
"2024-08-19","-0.0105","-0.0111"
"2024-08-20","-0.004","-0.0032"
"2024-08-21","0.0047","0.0053"
"2024-08-22","0.0025","0.0027"
"2024-08-23","0.0076","0.0097"
"2024-08-24","-0.019","-0.022"
"2024-08-25","0.0187","0.0134"
"2024-08-26","0.0561","0.0527"
"2024-08-27","0.0432","0.0394"
"2024-08-28","0.065","0.0604"
"2024-08-29","0.0303","0.0301"
"2024-08-30","0.0275","0.0062"
"2024-08-31","-0.0083","-0.0084"
"2024-09-01","0.0465","0.0477"
"2024-09-02","0.0339","0.0342"
"2024-09-03","0.0198","0.0202"
"2024-09-04","0.002","0.0019"
"2024-09-05","0.0294","0.0306"
"2024-09-06","0.0164","0.0"
"2024-09-07","0.04","0.0"
"2024-09-08","0.0489","0.0"
"2024-09-09","-0.0004","0.0"
